created_at,entry_id,field1,field2,latitude,longitude,elevation,status
2022-09-02T13:45:58+00:00,1,0.16747,,,,,
2022-09-02T13:46:15+00:00,2,0.18047,,,,,
2022-09-02T13:46:33+00:00,3,0.16520,,,,,
2022-09-02T13:46:49+00:00,4,4.80676,,,,,
2022-09-02T13:47:07+00:00,5,4.77766,,,,,
2022-09-02T13:47:24+00:00,6,4.77982,,,,,
2022-09-02T13:47:41+00:00,7,0.18588,,,,,
2022-09-02T13:47:59+00:00,8,0.16297,,,,,
2022-09-02T13:48:17+00:00,9,0.17895,,,,,
2022-09-02T13:48:34+00:00,10,0.17707,,,,,
2022-09-02T13:48:52+00:00,11,0.18168,,,,,
2022-09-02T13:49:09+00:00,12,0.17843,,,,,
2022-09-02T13:49:26+00:00,13,0.17704,,,,,
2022-09-02T13:49:43+00:00,14,0.17387,,,,,
2022-09-02T13:50:00+00:00,15,0.17256,,,,,
2022-09-02T13:50:16+00:00,16,0.17056,,,,,
2022-09-02T13:50:33+00:00,17,0.17089,,,,,
2022-09-02T13:50:52+00:00,18,0.18079,,,,,
2022-09-02T13:51:08+00:00,19,0.18319,,,,,
2022-09-02T13:51:25+00:00,20,0.17529,,,,,
2022-09-02T13:51:41+00:00,21,0.19036,,,,,
2022-09-02T13:52:08+00:00,22,0.17514,,,,,
2022-09-02T13:52:24+00:00,23,0.17910,,,,,
2022-09-02T13:52:41+00:00,24,0.17126,,,,,
2022-09-02T13:52:58+00:00,25,0.17677,,,,,
2022-09-02T13:53:13+00:00,26,0.18123,,,,,
2022-09-02T13:53:30+00:00,27,0.17233,,,,,
2022-09-02T13:53:47+00:00,28,0.17444,,,,,
2022-09-02T13:54:03+00:00,29,0.17844,,,,,
2022-09-02T13:54:21+00:00,30,0.17975,,,,,
2022-09-02T13:54:37+00:00,31,0.18650,,,,,
2022-09-02T13:54:54+00:00,32,0.16766,,,,,
2022-09-02T13:55:11+00:00,33,0.19922,,,,,
2022-09-02T13:55:29+00:00,34,0.18587,,,,,
2022-09-02T13:55:46+00:00,35,0.17142,,,,,
2022-09-02T13:56:02+00:00,36,0.18853,,,,,
2022-09-02T13:56:19+00:00,37,0.17604,,,,,
2022-09-02T13:56:35+00:00,38,0.17404,,,,,
2022-09-02T13:56:52+00:00,39,0.17000,,,,,
2022-09-02T13:57:11+00:00,40,0.17970,,,,,
2022-09-02T13:57:27+00:00,41,0.17563,,,,,
2022-09-02T13:57:44+00:00,42,0.16650,,,,,
2022-09-02T13:58:01+00:00,43,0.18950,,,,,
2022-09-02T13:58:17+00:00,44,0.17120,,,,,
2022-09-02T13:58:38+00:00,45,0.17809,,,,,
2022-09-02T13:59:04+00:00,46,0.15459,,,,,
2022-09-02T13:59:26+00:00,47,0.17326,,,,,
2022-09-02T13:59:44+00:00,48,0.16848,,,,,
2022-09-02T14:00:06+00:00,49,0.16759,,,,,
2022-09-02T14:00:36+00:00,50,0.16962,,,,,
2022-09-02T14:01:06+00:00,51,0.14720,,,,,
2022-09-02T14:01:32+00:00,52,0.17744,,,,,
2022-09-02T14:01:56+00:00,53,0.16977,,,,,
2022-09-02T14:02:20+00:00,54,0.18454,,,,,
2022-09-02T14:02:44+00:00,55,0.18211,,,,,
2022-09-02T14:03:09+00:00,56,0.19304,,,,,
2022-09-02T14:03:33+00:00,57,0.18387,,,,,
2022-09-02T14:03:57+00:00,58,0.18028,,,,,
2022-09-02T14:04:21+00:00,59,0.16510,,,,,
2022-09-02T14:04:45+00:00,60,0.16974,,,,,
2022-09-02T14:05:08+00:00,61,0.16985,,,,,
2022-09-02T14:05:33+00:00,62,0.16243,,,,,
2022-09-02T14:05:57+00:00,63,0.17155,,,,,
2022-09-02T14:06:22+00:00,64,0.16142,,,,,
2022-09-02T14:06:46+00:00,65,0.17168,,,,,
2022-09-02T14:07:13+00:00,66,0.16920,,,,,
2022-09-02T14:07:38+00:00,67,0.16844,,,,,
2022-09-02T14:08:02+00:00,68,0.15430,,,,,
2022-09-02T14:08:26+00:00,69,0.18245,,,,,
2022-09-02T14:08:50+00:00,70,0.16507,,,,,
2022-09-02T14:09:14+00:00,71,0.16798,,,,,
2022-09-02T14:09:38+00:00,72,0.17411,,,,,
2022-09-02T14:10:02+00:00,73,0.15527,,,,,
2022-09-02T15:00:25+00:00,74,0.14912,,,,,
2022-09-02T15:00:42+00:00,75,0.15158,,,,,
2022-09-02T15:00:59+00:00,76,2.07531,,,,,
2022-09-02T15:01:16+00:00,77,4.04541,,,,,
2022-09-02T15:01:32+00:00,78,4.16282,,,,,
2022-09-02T15:01:48+00:00,79,4.45433,,,,,
2022-09-02T15:02:05+00:00,80,4.54701,,,,,
2022-09-02T15:02:21+00:00,81,4.60612,,,,,
2022-09-02T15:02:36+00:00,82,0.16061,,,,,
2022-09-02T15:02:53+00:00,83,0.15821,,,,,
2022-09-02T15:03:10+00:00,84,0.19610,,,,,
2022-09-02T15:03:26+00:00,85,0.17889,,,,,
2022-09-02T15:03:42+00:00,86,0.17708,,,,,
2022-09-02T15:03:58+00:00,87,0.17484,,,,,
2022-09-02T15:04:16+00:00,88,0.16097,,,,,
2022-09-02T15:04:34+00:00,89,0.15766,,,,,
2022-09-02T15:04:49+00:00,90,0.16971,,,,,
2022-09-02T15:05:08+00:00,91,0.16509,,,,,
2022-09-02T15:05:26+00:00,92,0.15825,,,,,
2022-09-02T15:05:43+00:00,93,0.16114,,,,,
2022-09-02T15:05:59+00:00,94,0.15133,,,,,
2022-09-02T15:06:15+00:00,95,0.16647,,,,,
2022-09-02T15:06:31+00:00,96,0.16085,,,,,
2022-09-02T15:06:47+00:00,97,0.17379,,,,,
2022-09-02T15:07:03+00:00,98,0.15443,,,,,
2022-09-02T15:07:19+00:00,99,0.16839,,,,,
2022-09-02T15:07:35+00:00,100,0.16475,,,,,
2022-09-02T15:08:36+00:00,101,,0.15804,,,,
2022-09-02T15:08:52+00:00,102,,0.15711,,,,
2022-09-02T15:09:08+00:00,103,,0.15590,,,,
2022-09-02T15:09:25+00:00,104,,1.88840,,,,
2022-09-02T15:09:42+00:00,105,,1.89445,,,,
2022-09-02T15:09:59+00:00,106,,1.88270,,,,
2022-09-02T15:10:15+00:00,107,,3.19758,,,,
2022-09-02T15:10:30+00:00,108,,3.20042,,,,
2022-09-02T15:10:48+00:00,109,,3.19531,,,,
2022-09-02T15:11:04+00:00,110,,3.20952,,,,
2022-09-02T15:11:20+00:00,111,,4.57223,,,,
2022-09-02T15:11:36+00:00,112,,4.53562,,,,
2022-09-02T15:11:52+00:00,113,,4.57941,,,,
2022-09-02T15:12:08+00:00,114,,4.55614,,,,
2022-09-02T15:12:24+00:00,115,,0.43852,,,,
2022-09-02T15:12:41+00:00,116,,0.44689,,,,
2022-09-02T15:12:57+00:00,117,,0.45086,,,,
2022-09-02T15:13:15+00:00,118,,0.45903,,,,
2022-09-02T15:13:32+00:00,119,,0.58622,,,,
2022-09-02T15:13:49+00:00,120,,0.59781,,,,
2022-09-02T15:14:06+00:00,121,,0.58975,,,,
2022-09-02T15:14:23+00:00,122,,2.62907,,,,
2022-09-02T15:14:39+00:00,123,,2.61058,,,,
2022-09-02T15:14:55+00:00,124,,2.63170,,,,
2022-09-02T15:15:12+00:00,125,,2.62537,,,,
2022-09-02T15:15:28+00:00,126,,3.16901,,,,
2022-09-02T15:15:44+00:00,127,,4.54473,,,,
2022-09-02T15:16:01+00:00,128,,0.45193,,,,
2022-09-02T15:16:18+00:00,129,,1.83676,,,,
2022-09-02T15:16:35+00:00,130,,1.83670,,,,
2022-09-02T15:16:51+00:00,131,,0.59041,,,,
2022-09-02T15:17:10+00:00,132,,0.18509,,,,
2022-09-02T15:17:26+00:00,133,,0.17802,,,,
2022-09-02T15:17:41+00:00,134,,0.18613,,,,
2022-09-02T15:17:59+00:00,135,,0.17931,,,,
2022-09-02T15:18:15+00:00,136,,0.17070,,,,
2022-09-02T15:18:33+00:00,137,,0.18021,,,,
2022-09-02T15:18:50+00:00,138,,0.18028,,,,
2022-09-02T15:19:06+00:00,139,,0.17688,,,,
2022-09-02T15:19:22+00:00,140,,0.17866,,,,
2022-09-02T15:19:38+00:00,141,,0.18058,,,,
2022-09-02T15:19:55+00:00,142,,0.18143,,,,
2022-09-02T15:20:12+00:00,143,,0.17975,,,,
2022-09-02T15:20:28+00:00,144,,0.18127,,,,
2022-09-02T15:20:45+00:00,145,,0.18109,,,,
2022-09-02T15:21:00+00:00,146,,0.16709,,,,
2022-09-02T15:21:16+00:00,147,,0.17859,,,,
2022-09-02T15:21:32+00:00,148,,0.16950,,,,
2022-09-02T15:21:49+00:00,149,,0.17308,,,,
2022-09-02T15:22:06+00:00,150,,0.17275,,,,
2022-09-02T15:22:22+00:00,151,,0.17704,,,,
2022-09-02T15:22:39+00:00,152,,0.16977,,,,
2022-09-02T15:22:55+00:00,153,,0.16775,,,,
2022-09-02T15:23:13+00:00,154,,0.16155,,,,
2022-09-02T15:23:29+00:00,155,,0.16213,,,,
2022-09-02T15:23:45+00:00,156,,0.17579,,,,
2022-09-02T15:24:54+00:00,157,,0.17826,,,,
2022-09-02T15:25:12+00:00,158,,4.77883,,,,
2022-09-02T15:25:27+00:00,159,,4.77111,,,,
2022-09-02T15:26:03+00:00,160,4.77969,,,,,
2022-09-02T15:26:20+00:00,161,4.76469,,,,,
2022-09-02T15:30:21+00:00,162,0.17665,,,,,
2022-09-02T15:30:41+00:00,163,0.16052,,,,,
2022-09-02T15:33:03+00:00,164,0.16313,,,,,
2022-09-02T15:33:21+00:00,165,0.18061,,,,,
2022-09-02T15:33:36+00:00,166,0.17249,,,,,
2022-09-02T15:33:54+00:00,167,0.16475,,,,,
2022-09-02T15:34:12+00:00,168,0.17873,,,,,
2022-09-02T15:34:31+00:00,169,0.17822,,,,,
2022-09-02T15:34:49+00:00,170,0.16298,,,,,
2022-09-02T15:35:08+00:00,171,0.15436,,,,,
2022-09-02T15:35:26+00:00,172,0.15615,,,,,
2022-09-02T15:35:44+00:00,173,0.15701,,,,,
2022-09-02T15:36:03+00:00,174,0.15847,,,,,
2022-09-02T15:36:21+00:00,175,0.15657,,,,,
2022-09-02T15:36:39+00:00,176,0.15717,,,,,
2022-09-02T15:37:42+00:00,177,0.16681,,,,,
2022-09-02T15:38:00+00:00,178,0.16598,,,,,
2022-09-02T15:38:18+00:00,179,0.15234,,,,,
2022-09-02T15:38:37+00:00,180,0.15891,,,,,
2022-09-02T15:38:55+00:00,181,0.16175,,,,,
2022-09-02T15:39:49+00:00,182,0.14803,,,,,
2022-09-02T15:40:07+00:00,183,0.15254,,,,,
2022-09-02T15:40:25+00:00,184,0.15777,,,,,
2022-09-02T15:40:44+00:00,185,0.16106,,,,,
2022-09-02T15:41:40+00:00,186,0.14377,,,,,
2022-09-02T15:41:58+00:00,187,0.15582,,,,,
2022-09-02T15:42:16+00:00,188,0.15095,,,,,
2022-09-02T15:42:33+00:00,189,3.81660,,,,,
2022-09-02T15:42:51+00:00,190,4.77490,,,,,
2022-09-02T15:43:10+00:00,191,4.77079,,,,,
2022-09-02T15:43:28+00:00,192,4.76655,,,,,
2022-09-02T15:43:46+00:00,193,4.78739,,,,,
2022-09-02T15:44:04+00:00,194,0.16926,,,,,
2022-09-02T15:44:23+00:00,195,0.15985,,,,,
2022-09-03T06:02:26+00:00,196,19.25743,,,,,
2022-09-03T06:02:44+00:00,197,0.11421,,,,,
2022-09-03T06:03:00+00:00,198,0.11150,,,,,
2022-09-03T06:04:18+00:00,199,0.13870,,,,,
2022-09-03T06:04:37+00:00,200,0.13881,,,,,
2022-09-03T06:04:54+00:00,201,0.15174,,,,,
2022-09-03T06:05:30+00:00,202,4.13232,,,,,
2022-09-03T06:05:55+00:00,203,4.61016,,,,,
2022-09-03T06:06:21+00:00,204,4.60646,,,,,
2022-09-03T06:06:42+00:00,205,4.61754,,,,,
2022-09-03T06:06:58+00:00,206,4.60937,,,,,
2022-09-03T06:07:18+00:00,207,4.59723,,,,,
2022-09-03T06:07:33+00:00,208,0.14679,,,,,
2022-09-03T06:07:56+00:00,209,0.14659,,,,,
2022-09-03T06:08:12+00:00,210,0.15293,,,,,
2022-09-03T06:08:28+00:00,211,0.15481,,,,,
2022-09-03T06:08:48+00:00,212,0.15109,,,,,
2022-09-03T06:09:03+00:00,213,0.14650,,,,,
2022-09-03T06:13:02+00:00,214,,0.15688,,,,
2022-09-03T06:13:19+00:00,215,,0.15762,,,,
2022-09-03T06:13:37+00:00,216,,0.15075,,,,
2022-09-03T06:14:02+00:00,217,,0.45592,,,,
2022-09-03T06:14:20+00:00,218,,0.45205,,,,
2022-09-03T06:14:38+00:00,219,,0.45273,,,,
2022-09-03T06:14:56+00:00,220,,0.59304,,,,
2022-09-03T06:15:15+00:00,221,,0.59560,,,,
2022-09-03T06:15:33+00:00,222,,0.60966,,,,
2022-09-03T06:15:50+00:00,223,,2.53913,,,,
2022-09-03T06:16:08+00:00,224,,2.52783,,,,
2022-09-03T06:16:24+00:00,225,,2.48981,,,,
2022-09-03T06:16:42+00:00,226,,2.50969,,,,
2022-09-03T06:16:59+00:00,227,,4.32912,,,,
2022-09-03T06:17:16+00:00,228,,4.32621,,,,
2022-09-03T06:17:33+00:00,229,,4.37175,,,,
2022-09-03T06:17:51+00:00,230,,2.55901,,,,
2022-09-03T06:18:09+00:00,231,,2.50796,,,,
2022-09-03T06:18:26+00:00,232,,2.50806,,,,
2022-09-03T06:18:44+00:00,233,,1.77226,,,,
2022-09-03T06:19:01+00:00,234,,1.76280,,,,
2022-09-03T06:19:18+00:00,235,,1.74366,,,,
2022-09-03T06:19:36+00:00,236,,2.49997,,,,
2022-09-03T06:19:54+00:00,237,,2.03507,,,,
2022-09-03T06:20:12+00:00,238,,0.58466,,,,
2022-09-03T06:20:30+00:00,239,,0.16246,,,,
2022-09-03T06:20:47+00:00,240,,0.16738,,,,
2022-09-03T06:21:05+00:00,241,,0.16033,,,,
2022-09-03T06:31:50+00:00,242,,2.03276,,,,
2022-09-03T06:32:07+00:00,243,,0.15935,,,,
2022-09-03T06:32:24+00:00,244,,0.15373,,,,
2022-09-03T08:42:28+00:00,245,,20.17447,,,,
2022-09-03T08:42:46+00:00,246,,20.47878,,,,
2022-09-03T08:43:03+00:00,247,,20.50222,,,,
2022-09-03T08:43:20+00:00,248,,20.60532,,,,
2022-09-03T08:43:39+00:00,249,,21.21457,,,,
2022-09-03T08:43:57+00:00,250,,21.15280,,,,
2022-09-03T08:44:15+00:00,251,,20.58790,,,,
2022-09-03T08:44:33+00:00,252,,21.78831,,,,
2022-09-03T08:44:50+00:00,253,,21.81508,,,,
2022-09-03T08:45:07+00:00,254,,21.79640,,,,
2022-09-03T08:47:34+00:00,255,,21.81819,,,,
2022-09-03T08:47:52+00:00,256,,21.81704,,,,
2022-09-03T08:48:11+00:00,257,,21.81671,,,,
2022-09-03T08:50:36+00:00,258,,20.09941,,,,
2022-09-03T08:50:54+00:00,259,,20.15989,,,,
2022-09-03T08:51:12+00:00,260,,20.26863,,,,
2022-09-03T10:14:23+00:00,261,,0.10925,,,,
2022-09-03T10:14:42+00:00,262,,0.12133,,,,
2022-09-03T10:14:59+00:00,263,,0.12242,,,,
2022-09-03T10:16:17+00:00,264,,16.42532,,,,
2022-09-03T10:16:36+00:00,265,,21.81527,,,,
2022-09-03T10:16:54+00:00,266,,21.81488,,,,
2022-09-03T10:17:12+00:00,267,,0.13056,,,,
2022-09-03T10:17:35+00:00,268,,0.14335,,,,
2022-09-03T10:17:55+00:00,269,,0.13335,,,,
2022-09-03T10:18:16+00:00,270,,0.49470,,,,
2022-09-03T10:18:40+00:00,271,,0.50125,,,,
2022-09-03T10:19:06+00:00,272,,3.43335,,,,
2022-09-03T10:19:28+00:00,273,,4.71300,,,,
2022-09-03T10:19:55+00:00,274,,0.14033,,,,
2022-09-03T10:20:17+00:00,275,,0.13162,,,,
2022-09-03T10:20:40+00:00,276,,0.12977,,,,
2022-09-03T10:21:07+00:00,277,,0.13362,,,,
2022-09-03T10:21:34+00:00,278,,0.13768,,,,
2022-09-03T10:23:39+00:00,279,,0.53770,,,,
2022-09-03T10:24:00+00:00,280,,0.48786,,,,
2022-09-03T10:24:25+00:00,281,,4.67811,,,,
2022-09-03T10:24:47+00:00,282,,4.51177,,,,
2022-09-03T10:25:15+00:00,283,,0.13217,,,,
2022-09-03T10:25:39+00:00,284,,0.13202,,,,
2022-09-03T10:26:05+00:00,285,,0.13529,,,,
2022-09-03T10:26:31+00:00,286,,2.73624,,,,
2022-09-03T10:26:57+00:00,287,,4.66814,,,,
2022-09-03T10:27:21+00:00,288,,21.00123,,,,
2022-09-03T10:28:01+00:00,289,,21.81800,,,,
2022-09-03T10:28:25+00:00,290,,15.93975,,,,
2022-09-03T10:28:50+00:00,291,,21.75818,,,,
2022-09-03T10:29:15+00:00,292,,21.78146,,,,
2022-09-03T10:29:43+00:00,293,,21.74251,,,,
2022-09-03T10:30:09+00:00,294,,21.76209,,,,
2022-09-03T10:30:34+00:00,295,,21.73768,,,,
2022-09-03T10:30:59+00:00,296,,21.75235,,,,
2022-09-03T10:31:24+00:00,297,,21.72804,,,,
2022-09-03T10:31:49+00:00,298,,21.75327,,,,
2022-09-03T10:32:14+00:00,299,,20.91123,,,,
2022-09-03T10:32:39+00:00,300,,21.68710,,,,
2022-09-03T10:33:04+00:00,301,,21.52014,,,,
2022-09-03T10:33:29+00:00,302,,21.72492,,,,
2022-09-03T10:33:54+00:00,303,,21.59762,,,,
2022-09-03T10:34:19+00:00,304,,21.31335,,,,
2022-09-03T10:34:44+00:00,305,,21.61955,,,,
2022-09-03T10:35:10+00:00,306,,21.75241,,,,
2022-09-03T10:35:36+00:00,307,,21.66515,,,,
2022-09-03T10:36:01+00:00,308,,21.79204,,,,
2022-09-03T10:36:26+00:00,309,,21.26558,,,,
2022-09-03T10:36:52+00:00,310,,21.78020,,,,
2022-09-03T10:37:17+00:00,311,,21.78415,,,,
2022-09-03T10:37:42+00:00,312,,21.79641,,,,
2022-09-03T10:38:08+00:00,313,,21.80112,,,,
2022-09-03T10:38:33+00:00,314,,21.79500,,,,
2022-09-03T10:38:59+00:00,315,,21.79267,,,,
2022-09-03T10:39:23+00:00,316,,21.48420,,,,
2022-09-03T10:39:48+00:00,317,,20.77043,,,,
2022-09-03T10:40:13+00:00,318,,20.28671,,,,
2022-09-03T10:40:39+00:00,319,,21.50186,,,,
2022-09-03T10:41:04+00:00,320,,20.95765,,,,
2022-09-03T10:41:29+00:00,321,,20.18582,,,,
2022-09-03T10:41:54+00:00,322,,20.25484,,,,
2022-09-03T10:42:20+00:00,323,,20.61166,,,,
2022-09-03T10:42:45+00:00,324,,21.32859,,,,
2022-09-03T10:43:09+00:00,325,,19.86133,,,,
2022-09-03T10:43:35+00:00,326,,19.71641,,,,
2022-09-03T10:44:00+00:00,327,,19.90513,,,,
2022-09-03T10:44:31+00:00,328,,20.77356,,,,
2022-09-03T10:44:56+00:00,329,,19.87515,,,,
2022-09-03T10:45:21+00:00,330,,19.72445,,,,
2022-09-03T10:45:46+00:00,331,,20.16439,,,,
2022-09-03T10:46:11+00:00,332,,19.88740,,,,
2022-09-03T10:46:36+00:00,333,,19.64894,,,,
2022-09-03T10:47:01+00:00,334,,19.56564,,,,
2022-09-03T10:47:30+00:00,335,,19.69254,,,,
2022-09-03T10:47:55+00:00,336,,20.48836,,,,
2022-09-03T10:48:20+00:00,337,,19.95013,,,,
2022-09-03T10:48:45+00:00,338,,19.53291,,,,
2022-09-03T10:49:09+00:00,339,,19.89721,,,,
2022-09-03T10:49:33+00:00,340,,20.35729,,,,
2022-09-03T10:49:58+00:00,341,,19.97432,,,,
2022-09-03T10:50:23+00:00,342,,19.53680,,,,
2022-09-03T10:50:47+00:00,343,,19.76406,,,,
2022-09-03T10:51:12+00:00,344,,19.90523,,,,
2022-09-03T10:51:37+00:00,345,,20.08044,,,,
2022-09-03T10:52:02+00:00,346,,19.98298,,,,
2022-09-03T10:52:27+00:00,347,,19.73551,,,,
2022-09-03T10:52:52+00:00,348,,19.84260,,,,
2022-09-03T10:53:17+00:00,349,,19.61785,,,,
2022-09-03T10:53:42+00:00,350,,19.94659,,,,
2022-09-03T10:54:07+00:00,351,,19.79755,,,,
2022-09-03T10:54:32+00:00,352,,20.44580,,,,
2022-09-03T10:54:56+00:00,353,,20.00060,,,,
2022-09-03T10:55:21+00:00,354,,20.13982,,,,
2022-09-03T10:55:45+00:00,355,,20.22438,,,,
2022-09-03T10:56:10+00:00,356,,20.08554,,,,
2022-09-03T10:56:35+00:00,357,,20.17438,,,,
2022-09-03T10:57:00+00:00,358,,20.22671,,,,
2022-09-03T10:57:24+00:00,359,,20.66302,,,,
2022-09-03T10:57:50+00:00,360,,20.24048,,,,
2022-09-03T10:58:15+00:00,361,,20.04465,,,,
2022-09-03T10:58:40+00:00,362,,20.06721,,,,
2022-09-03T10:59:05+00:00,363,,20.11627,,,,
2022-09-03T10:59:30+00:00,364,,19.74751,,,,
2022-09-03T10:59:55+00:00,365,,19.71869,,,,
2022-09-03T11:00:20+00:00,366,,19.74520,,,,
2022-09-03T11:00:45+00:00,367,,20.01622,,,,
2022-09-03T11:01:12+00:00,368,,21.72385,,,,
2022-09-03T11:01:37+00:00,369,,20.75014,,,,
2022-09-03T11:02:02+00:00,370,,20.19699,,,,
2022-09-03T11:02:27+00:00,371,,20.29844,,,,
2022-09-03T11:02:52+00:00,372,,20.83901,,,,
2022-09-03T11:03:20+00:00,373,,21.79878,,,,
2022-09-03T11:03:45+00:00,374,,20.37971,,,,
2022-09-03T11:04:10+00:00,375,,20.26973,,,,
2022-09-03T11:04:35+00:00,376,,19.89121,,,,
2022-09-03T11:05:00+00:00,377,,20.12100,,,,
2022-09-03T11:05:25+00:00,378,,20.05125,,,,
2022-09-03T11:05:50+00:00,379,,20.33829,,,,
2022-09-03T11:06:15+00:00,380,,20.34496,,,,
2022-09-03T11:06:40+00:00,381,,19.92305,,,,
2022-09-03T11:07:06+00:00,382,,20.13638,,,,
2022-09-03T11:07:31+00:00,383,,21.39569,,,,
2022-09-03T11:07:56+00:00,384,,20.09155,,,,
2022-09-03T11:08:21+00:00,385,,20.28980,,,,
2022-09-03T11:08:46+00:00,386,,20.79729,,,,
2022-09-03T11:09:12+00:00,387,,20.27267,,,,
2022-09-03T11:09:37+00:00,388,,21.07481,,,,
2022-09-03T11:10:03+00:00,389,,20.10382,,,,
2022-09-03T11:10:28+00:00,390,,20.92471,,,,
2022-09-03T11:10:53+00:00,391,,20.24366,,,,
2022-09-03T11:11:18+00:00,392,,20.22862,,,,
2022-09-03T11:11:43+00:00,393,,20.38684,,,,
2022-09-03T11:12:08+00:00,394,,20.08527,,,,
2022-09-03T11:12:33+00:00,395,,21.80938,,,,
2022-09-03T11:12:58+00:00,396,,21.63990,,,,
2022-09-03T11:13:26+00:00,397,,21.81313,,,,
2022-09-03T11:13:52+00:00,398,,21.38619,,,,
2022-09-03T11:14:21+00:00,399,,20.78108,,,,
2022-09-03T11:14:48+00:00,400,,21.56034,,,,
2022-09-09T14:37:22+00:00,401,,0.18808,,,,
2022-09-09T14:37:46+00:00,402,,21.81229,,,,
2022-09-09T14:38:10+00:00,403,,0.16192,,,,
2022-09-09T14:38:34+00:00,404,,0.15518,,,,
2022-09-09T14:39:27+00:00,405,,0.16140,,,,
2022-09-09T14:39:51+00:00,406,,4.82551,,,,
2022-09-09T14:40:15+00:00,407,,4.79062,,,,
2022-09-09T14:40:39+00:00,408,,4.77511,,,,
2022-09-09T14:41:03+00:00,409,,4.78878,,,,
2022-09-09T14:41:27+00:00,410,,4.79894,,,,
2022-09-09T14:41:51+00:00,411,,4.80847,,,,
2022-09-09T14:55:41+00:00,412,,0.16747,,,,
2022-09-09T14:55:59+00:00,413,,0.17244,,,,
2022-09-09T14:57:01+00:00,414,,0.16047,,,,
2022-09-09T14:57:20+00:00,415,,0.16329,,,,
2022-09-09T14:57:38+00:00,416,,0.22020,,,,
2022-09-09T14:57:56+00:00,417,,4.64736,,,,
2022-09-09T14:58:14+00:00,418,,4.76187,,,,
2022-09-09T14:58:32+00:00,419,,4.78990,,,,
2022-09-09T14:58:50+00:00,420,,0.16251,,,,
2022-09-09T14:59:08+00:00,421,,0.15534,,,,
2022-09-09T14:59:27+00:00,422,,0.16408,,,,
2022-09-09T14:59:45+00:00,423,,0.16193,,,,
2022-09-09T15:00:04+00:00,424,,0.17019,,,,
2022-09-09T15:00:21+00:00,425,,0.15625,,,,
2022-09-09T15:00:37+00:00,426,,0.17059,,,,
2022-09-09T15:00:54+00:00,427,,0.19040,,,,
2022-09-09T15:01:13+00:00,428,,0.16045,,,,
2022-09-09T15:01:30+00:00,429,,0.15076,,,,
2022-09-09T15:01:48+00:00,430,,0.15170,,,,
2022-09-09T15:02:11+00:00,431,,0.15662,,,,
2022-09-09T15:02:28+00:00,432,,0.15053,,,,
2022-09-09T15:02:45+00:00,433,,0.15273,,,,
2022-09-09T15:03:03+00:00,434,,0.16878,,,,
2022-09-09T15:03:22+00:00,435,,0.14073,,,,
2022-09-09T15:03:41+00:00,436,,0.15110,,,,
2022-09-09T15:03:59+00:00,437,,0.18626,,,,
2022-09-09T15:04:18+00:00,438,,0.15962,,,,
2022-09-09T15:04:34+00:00,439,,0.16357,,,,
2022-09-09T15:04:50+00:00,440,,0.16106,,,,
2022-09-09T15:05:09+00:00,441,,0.14377,,,,
2022-09-09T15:05:28+00:00,442,,0.17245,,,,
2022-09-09T15:05:43+00:00,443,,0.15082,,,,
2022-09-09T15:06:02+00:00,444,,0.14673,,,,
2022-09-09T15:06:21+00:00,445,,0.15432,,,,
2022-09-09T15:06:40+00:00,446,,0.14532,,,,
2022-09-09T15:06:58+00:00,447,,0.14259,,,,
2022-09-09T15:07:20+00:00,448,,0.14550,,,,
2022-09-09T15:07:39+00:00,449,,0.14780,,,,
2022-09-09T15:07:57+00:00,450,,0.15767,,,,
2022-09-09T15:08:16+00:00,451,,0.13574,,,,
2022-09-09T15:08:34+00:00,452,,0.14574,,,,
2022-09-09T15:08:52+00:00,453,,0.14494,,,,
2022-09-09T15:09:08+00:00,454,,0.15354,,,,
2022-09-09T15:09:28+00:00,455,,0.13728,,,,
2022-09-09T15:09:46+00:00,456,,0.14504,,,,
2022-09-09T15:10:05+00:00,457,,0.13810,,,,
2022-09-09T15:10:23+00:00,458,,0.14902,,,,
2022-09-09T15:10:41+00:00,459,,0.14641,,,,
2022-09-09T15:11:00+00:00,460,,0.16217,,,,
2022-09-09T15:11:18+00:00,461,,0.13605,,,,
2022-09-09T15:11:38+00:00,462,,0.15622,,,,
2022-09-09T15:11:56+00:00,463,,0.13974,,,,
2022-09-09T15:12:16+00:00,464,,0.14313,,,,
2022-09-09T15:12:34+00:00,465,,0.14573,,,,
2022-09-09T15:12:53+00:00,466,,0.15232,,,,
2022-09-09T15:13:11+00:00,467,,0.15456,,,,
2022-09-09T15:13:29+00:00,468,,0.15262,,,,
2022-09-09T15:13:48+00:00,469,,0.14910,,,,
2022-09-09T15:14:07+00:00,470,,0.16238,,,,
2022-09-09T15:14:25+00:00,471,,0.16888,,,,
2022-09-09T15:14:44+00:00,472,,0.14127,,,,
2022-09-09T15:15:02+00:00,473,,0.15172,,,,
2022-09-09T15:15:20+00:00,474,,0.16548,,,,
2022-09-09T15:15:39+00:00,475,,0.14961,,,,
2022-09-09T15:15:58+00:00,476,,0.14650,,,,
2022-09-09T15:16:16+00:00,477,,0.15553,,,,
2022-09-09T15:16:35+00:00,478,,0.14016,,,,
2022-09-09T15:16:53+00:00,479,,0.14704,,,,
2022-09-09T15:17:11+00:00,480,,0.14722,,,,
2022-09-09T15:17:30+00:00,481,,0.14961,,,,
2022-09-09T15:17:48+00:00,482,,0.14990,,,,
2022-09-09T15:18:07+00:00,483,,0.14407,,,,
2022-09-09T15:18:25+00:00,484,,0.15992,,,,
2022-09-09T15:18:43+00:00,485,,0.14201,,,,
2022-09-09T15:19:02+00:00,486,,0.14711,,,,
2022-09-09T15:19:20+00:00,487,,0.14149,,,,
2022-09-09T15:19:39+00:00,488,,0.14588,,,,
2022-09-09T15:19:59+00:00,489,,0.14467,,,,
2022-09-09T15:20:17+00:00,490,,0.16537,,,,
2022-09-09T15:20:36+00:00,491,,0.14984,,,,
2022-09-09T15:20:55+00:00,492,,0.14904,,,,
2022-09-09T15:21:13+00:00,493,,0.15655,,,,
2022-09-09T15:21:32+00:00,494,,0.15560,,,,
2022-09-09T15:21:50+00:00,495,,0.14358,,,,
2022-09-09T15:22:08+00:00,496,,0.14130,,,,
2022-09-09T15:22:27+00:00,497,,0.14028,,,,
2022-09-09T15:22:45+00:00,498,,0.15221,,,,
2022-09-09T15:23:03+00:00,499,,0.15016,,,,
2022-09-09T15:23:21+00:00,500,,0.15469,,,,
2022-09-09T15:23:40+00:00,501,,0.13402,,,,
2022-09-09T15:23:56+00:00,502,,4.85357,,,,
2022-09-09T15:24:14+00:00,503,,4.83612,,,,
2022-09-09T15:24:36+00:00,504,,4.82403,,,,
2022-09-09T15:24:53+00:00,505,,4.84332,,,,
2022-09-09T15:25:14+00:00,506,,0.16232,,,,
2022-09-09T15:25:32+00:00,507,,0.16084,,,,
2022-09-09T15:25:51+00:00,508,,0.15890,,,,
2022-09-09T15:26:09+00:00,509,,0.15094,,,,
2022-09-09T15:26:24+00:00,510,,0.14020,,,,
2022-09-09T15:26:41+00:00,511,,0.15076,,,,
2022-09-09T15:26:58+00:00,512,,0.17261,,,,
2022-09-09T15:27:15+00:00,513,,0.14553,,,,
2022-09-09T15:27:34+00:00,514,,0.15652,,,,
2022-09-09T15:27:54+00:00,515,,0.15078,,,,
2022-09-09T15:28:09+00:00,516,,0.15870,,,,
2022-09-09T15:28:29+00:00,517,,0.18867,,,,
2022-09-09T15:28:49+00:00,518,,0.48376,,,,
2022-09-09T15:29:06+00:00,519,,0.17823,,,,
2022-09-09T15:29:22+00:00,520,,0.20966,,,,
2022-09-09T15:29:42+00:00,521,,0.19617,,,,
2022-09-09T15:29:57+00:00,522,,0.40187,,,,
2022-09-09T15:30:17+00:00,523,,0.32800,,,,
2022-09-09T15:30:32+00:00,524,,0.34709,,,,
2022-09-09T15:30:51+00:00,525,,0.31937,,,,
2022-09-09T15:31:10+00:00,526,,0.29326,,,,
2022-09-09T15:31:26+00:00,527,,0.26006,,,,
2022-09-09T15:31:44+00:00,528,,0.26086,,,,
2022-09-09T15:32:03+00:00,529,,0.26243,,,,
2022-09-09T15:32:20+00:00,530,,0.26736,,,,
2022-09-09T15:32:40+00:00,531,,0.40503,,,,
2022-09-09T15:32:58+00:00,532,,0.39190,,,,
2022-09-09T15:33:17+00:00,533,,0.37818,,,,
2022-09-09T15:33:36+00:00,534,,0.37965,,,,
2022-09-09T15:33:56+00:00,535,,0.41221,,,,
2022-09-09T15:34:15+00:00,536,,0.41785,,,,
2022-09-09T15:34:34+00:00,537,,0.41023,,,,
2022-09-09T15:34:53+00:00,538,,0.38869,,,,
2022-09-09T15:35:13+00:00,539,,0.27627,,,,
2022-09-09T15:35:31+00:00,540,,0.28380,,,,
2022-09-09T15:35:50+00:00,541,,0.25293,,,,
2022-09-09T15:36:09+00:00,542,,0.26326,,,,
2022-09-09T15:36:27+00:00,543,,0.23310,,,,
2022-09-09T15:36:47+00:00,544,,0.21172,,,,
2022-09-09T15:37:05+00:00,545,,0.22229,,,,
2022-09-09T15:37:24+00:00,546,,0.22441,,,,
2022-09-09T15:37:43+00:00,547,,0.21646,,,,
2022-09-09T15:38:02+00:00,548,,0.21548,,,,
2022-09-09T15:38:21+00:00,549,,0.21581,,,,
2022-09-09T15:38:40+00:00,550,,0.21552,,,,
2022-09-09T15:38:56+00:00,551,,0.27957,,,,
2022-09-09T15:39:14+00:00,552,,0.26539,,,,
2022-09-09T15:39:33+00:00,553,,0.25044,,,,
2022-09-09T15:39:51+00:00,554,,0.17551,,,,
2022-09-09T15:40:09+00:00,555,,0.18418,,,,
2022-09-09T15:40:27+00:00,556,,0.15492,,,,
2022-09-09T15:40:46+00:00,557,,0.16954,,,,
2022-09-09T15:41:01+00:00,558,,0.17968,,,,
2022-09-09T15:41:20+00:00,559,,0.16463,,,,
2022-09-09T15:41:38+00:00,560,,0.16440,,,,
2022-09-09T15:41:58+00:00,561,,0.17521,,,,
2022-09-09T15:42:17+00:00,562,,0.18325,,,,
2022-09-09T15:42:32+00:00,563,,0.17767,,,,
2022-09-09T15:42:51+00:00,564,,0.17538,,,,
2022-09-09T15:43:10+00:00,565,,0.18871,,,,
2022-09-09T15:43:28+00:00,566,,0.17799,,,,
2022-09-09T15:43:47+00:00,567,,0.17436,,,,
2022-09-09T15:44:06+00:00,568,,0.18751,,,,
2022-09-09T15:44:25+00:00,569,,0.17276,,,,
2022-09-09T15:44:43+00:00,570,,0.16809,,,,
2022-09-09T15:45:02+00:00,571,,0.17590,,,,
2022-09-09T15:45:20+00:00,572,,0.16730,,,,
2022-09-09T15:45:38+00:00,573,,0.16436,,,,
2022-09-09T15:45:56+00:00,574,,0.18020,,,,
2022-09-09T15:46:15+00:00,575,,0.17018,,,,
2022-09-09T15:46:34+00:00,576,,0.16745,,,,
2022-09-09T15:46:52+00:00,577,,0.20789,,,,
2022-09-09T15:47:10+00:00,578,,0.16702,,,,
2022-09-09T15:47:28+00:00,579,,0.16996,,,,
2022-09-09T15:47:47+00:00,580,,0.17750,,,,
2022-09-09T15:48:05+00:00,581,,0.17888,,,,
2022-09-09T15:48:23+00:00,582,,0.19207,,,,
2022-09-09T15:48:42+00:00,583,,0.16682,,,,
2022-09-09T15:49:01+00:00,584,,0.17213,,,,
2022-09-09T15:49:20+00:00,585,,0.18229,,,,
2022-09-09T15:49:38+00:00,586,,0.18220,,,,
2022-09-09T15:49:56+00:00,587,,0.16473,,,,
2022-09-09T15:50:15+00:00,588,,0.15953,,,,
2022-09-09T15:50:34+00:00,589,,0.17489,,,,
2022-09-09T15:50:53+00:00,590,,0.18293,,,,
2022-09-09T15:51:12+00:00,591,,0.16513,,,,
2022-09-09T15:51:31+00:00,592,,0.16870,,,,
2022-09-09T15:51:49+00:00,593,,0.16963,,,,
2022-09-09T15:52:08+00:00,594,,0.17802,,,,
2022-09-09T15:52:27+00:00,595,,0.17505,,,,
2022-09-09T15:52:46+00:00,596,,0.18335,,,,
2022-09-09T15:53:05+00:00,597,,0.16841,,,,
2022-09-09T15:53:23+00:00,598,,0.16084,,,,
2022-09-09T15:53:41+00:00,599,,0.15342,,,,
2022-09-09T15:54:00+00:00,600,,0.16629,,,,
2022-09-09T15:54:18+00:00,601,,0.16124,,,,
2022-09-09T15:54:37+00:00,602,,0.17426,,,,
2022-09-09T15:54:56+00:00,603,,0.16912,,,,
2022-09-09T15:55:14+00:00,604,,0.15929,,,,
2022-09-09T15:55:32+00:00,605,,0.16061,,,,
2022-09-09T15:55:51+00:00,606,,0.16014,,,,
2022-09-09T15:56:10+00:00,607,,0.18788,,,,
2022-09-09T15:56:28+00:00,608,,0.19554,,,,
2022-09-09T15:56:47+00:00,609,,0.15212,,,,
2022-09-09T15:57:06+00:00,610,,0.16568,,,,
2022-09-09T15:57:23+00:00,611,,0.17339,,,,
2022-09-09T15:57:42+00:00,612,,0.15794,,,,
2022-09-09T15:58:02+00:00,613,,0.15857,,,,
2022-09-09T15:58:18+00:00,614,,0.17424,,,,
2022-09-09T15:58:37+00:00,615,,0.16541,,,,
2022-09-09T15:58:56+00:00,616,,0.16100,,,,
2022-09-09T15:59:14+00:00,617,,0.18407,,,,
2022-09-09T15:59:33+00:00,618,,0.17559,,,,
2022-09-09T15:59:52+00:00,619,,0.16481,,,,
2022-09-09T16:00:07+00:00,620,,0.15762,,,,
2022-09-09T16:00:25+00:00,621,,0.17302,,,,
2022-09-09T16:00:44+00:00,622,,0.16703,,,,
2022-09-09T16:01:03+00:00,623,,0.16375,,,,
2022-09-09T16:01:21+00:00,624,,0.17234,,,,
2022-09-09T16:01:39+00:00,625,,0.16074,,,,
2022-09-09T16:01:59+00:00,626,,0.17365,,,,
2022-09-09T16:02:17+00:00,627,,0.15620,,,,
2022-09-09T16:02:37+00:00,628,,0.17145,,,,
2022-09-09T16:02:53+00:00,629,,0.16870,,,,
2022-09-09T16:03:13+00:00,630,,0.16313,,,,
2022-09-09T16:03:32+00:00,631,,0.17202,,,,
2022-09-09T16:03:54+00:00,632,,0.19067,,,,
2022-09-09T16:04:13+00:00,633,,4.89173,,,,
2022-09-09T16:04:31+00:00,634,,4.85488,,,,
2022-09-09T16:04:50+00:00,635,,4.84317,,,,
2022-09-09T16:05:08+00:00,636,,0.17363,,,,
2022-09-09T16:05:27+00:00,637,,0.16899,,,,
2022-09-09T16:05:45+00:00,638,,0.15122,,,,
2022-09-09T16:06:03+00:00,639,,0.16361,,,,
2022-09-09T16:06:22+00:00,640,,0.18129,,,,
2022-09-09T16:06:40+00:00,641,,0.15552,,,,
2022-09-09T16:06:59+00:00,642,,0.17211,,,,
2022-09-09T16:07:14+00:00,643,,0.17407,,,,
2022-09-09T16:07:32+00:00,644,,0.16610,,,,
2022-09-09T16:07:51+00:00,645,,0.17517,,,,
2022-09-09T16:08:09+00:00,646,,0.15932,,,,
2022-09-09T16:08:25+00:00,647,,0.17992,,,,
2022-09-09T16:08:43+00:00,648,,0.16732,,,,
2022-09-09T16:09:02+00:00,649,,0.19974,,,,
2022-09-09T16:09:21+00:00,650,,0.15249,,,,
2022-09-09T16:09:43+00:00,651,,0.16965,,,,
2022-09-09T16:10:02+00:00,652,,0.15476,,,,
2022-09-09T16:10:21+00:00,653,,0.16137,,,,
2022-09-09T16:10:40+00:00,654,,0.15931,,,,
2022-09-09T16:10:57+00:00,655,,0.14858,,,,
2022-09-09T16:11:15+00:00,656,,0.15704,,,,
2022-09-09T16:11:33+00:00,657,,0.16133,,,,
2022-09-09T16:11:51+00:00,658,,0.16577,,,,
2022-09-09T16:12:10+00:00,659,,0.16887,,,,
2022-09-09T16:12:29+00:00,660,,0.16626,,,,
2022-09-09T16:12:47+00:00,661,,0.17496,,,,
2022-09-09T16:13:06+00:00,662,,0.17724,,,,
2022-09-09T16:13:24+00:00,663,,0.16628,,,,
2022-09-09T16:13:43+00:00,664,,0.15949,,,,
2022-09-09T16:14:01+00:00,665,,0.15375,,,,
2022-09-09T16:14:20+00:00,666,,0.18673,,,,
2022-09-09T16:14:38+00:00,667,,0.14618,,,,
2022-09-09T16:14:57+00:00,668,,0.15866,,,,
2022-09-09T16:15:15+00:00,669,,0.15854,,,,
2022-09-09T16:15:34+00:00,670,,0.15392,,,,
2022-09-09T16:15:52+00:00,671,,0.18330,,,,
2022-09-09T16:16:11+00:00,672,,0.15000,,,,
2022-09-09T16:16:30+00:00,673,,0.16490,,,,
2022-09-09T16:16:49+00:00,674,,0.15318,,,,
2022-09-09T16:17:05+00:00,675,,0.16638,,,,
2022-09-09T16:17:24+00:00,676,,0.15557,,,,
2022-09-09T16:17:43+00:00,677,,0.16063,,,,
2022-09-09T16:18:01+00:00,678,,0.17489,,,,
2022-09-09T16:18:20+00:00,679,,0.14834,,,,
2022-09-09T16:18:39+00:00,680,,0.15308,,,,
2022-09-09T16:18:57+00:00,681,,0.17475,,,,
2022-09-09T16:19:15+00:00,682,,0.14931,,,,
2022-09-09T16:19:34+00:00,683,,0.15161,,,,
2022-09-09T16:19:53+00:00,684,,0.18561,,,,
2022-09-09T16:20:12+00:00,685,,0.16308,,,,
2022-09-09T16:20:31+00:00,686,,0.17457,,,,
2022-09-09T16:20:50+00:00,687,,0.18607,,,,
2022-09-09T16:21:08+00:00,688,,0.16309,,,,
2022-09-09T16:21:27+00:00,689,,0.17472,,,,
2022-09-09T16:21:46+00:00,690,,0.16234,,,,
2022-09-09T16:22:05+00:00,691,,0.17729,,,,
2022-09-09T16:22:23+00:00,692,,0.16817,,,,
2022-09-09T16:22:42+00:00,693,,0.14593,,,,
2022-09-09T16:23:00+00:00,694,,0.16338,,,,
2022-09-09T16:23:19+00:00,695,,0.16660,,,,
2022-09-09T16:23:38+00:00,696,,0.15235,,,,
2022-09-09T16:23:55+00:00,697,,0.15837,,,,
2022-09-09T16:24:13+00:00,698,,0.14426,,,,
2022-09-09T16:24:32+00:00,699,,0.17693,,,,
2022-09-09T16:24:52+00:00,700,,0.14965,,,,
2022-09-09T16:25:11+00:00,701,,0.17486,,,,
2022-09-09T16:25:31+00:00,702,,0.15061,,,,
2022-09-09T16:25:50+00:00,703,,0.15170,,,,
2022-09-09T16:26:08+00:00,704,,0.19516,,,,
2022-09-09T16:26:27+00:00,705,,0.26564,,,,
2022-09-09T16:26:46+00:00,706,,0.21733,,,,
2022-09-09T16:27:04+00:00,707,,0.21396,,,,
2022-09-09T16:27:23+00:00,708,,0.41988,,,,
2022-09-09T16:27:41+00:00,709,,0.47600,,,,
2022-09-09T16:28:01+00:00,710,,0.30581,,,,
2022-09-09T16:28:20+00:00,711,,0.18080,,,,
2022-09-09T16:28:39+00:00,712,,0.19221,,,,
2022-09-09T16:28:58+00:00,713,,0.18014,,,,
2022-09-09T16:29:16+00:00,714,,0.17716,,,,
2022-09-09T16:29:35+00:00,715,,0.21353,,,,
2022-09-09T16:29:55+00:00,716,,0.16837,,,,
2022-09-09T16:30:13+00:00,717,,0.16257,,,,
2022-09-09T16:30:32+00:00,718,,0.21277,,,,
2022-09-09T16:30:50+00:00,719,,0.17312,,,,
2022-09-09T16:31:08+00:00,720,,0.17056,,,,
2022-09-09T16:31:27+00:00,721,,0.17376,,,,
2022-09-09T16:31:45+00:00,722,,0.19220,,,,
2022-09-09T16:32:04+00:00,723,,0.19629,,,,
2022-09-09T16:32:23+00:00,724,,0.17466,,,,
2022-09-09T16:32:41+00:00,725,,0.18919,,,,
2022-09-09T16:33:00+00:00,726,,0.16442,,,,
2022-09-09T16:33:19+00:00,727,,0.19149,,,,
2022-09-09T16:33:38+00:00,728,,0.17346,,,,
2022-09-09T16:33:57+00:00,729,,0.16568,,,,
2022-09-09T16:34:15+00:00,730,,0.15431,,,,
2022-09-09T16:34:34+00:00,731,,0.14641,,,,
2022-09-09T16:34:53+00:00,732,,0.18005,,,,
2022-09-09T16:35:15+00:00,733,,0.17492,,,,
2022-09-09T16:35:33+00:00,734,,0.19186,,,,
2022-09-09T16:35:52+00:00,735,,0.17045,,,,
2022-09-09T16:36:11+00:00,736,,0.18680,,,,
2022-09-09T16:36:29+00:00,737,,0.31887,,,,
2022-09-09T16:36:48+00:00,738,,0.34609,,,,
2022-09-09T16:37:07+00:00,739,,0.34729,,,,
2022-09-09T16:37:26+00:00,740,,0.42270,,,,
2022-09-09T16:37:44+00:00,741,,0.32665,,,,
2022-09-09T16:38:02+00:00,742,,0.39120,,,,
2022-09-09T16:38:22+00:00,743,,0.35754,,,,
2022-09-09T16:38:39+00:00,744,,0.24024,,,,
2022-09-09T16:38:57+00:00,745,,0.25354,,,,
2022-09-09T16:39:16+00:00,746,,0.22503,,,,
2022-09-09T16:39:33+00:00,747,,0.22797,,,,
2022-09-09T16:39:52+00:00,748,,0.32488,,,,
2022-09-09T16:40:11+00:00,749,,0.31359,,,,
2022-09-09T16:40:29+00:00,750,,21.81821,,,,
2022-09-09T16:40:48+00:00,751,,21.81821,,,,
2022-09-09T16:41:07+00:00,752,,21.81821,,,,
2022-09-09T16:41:26+00:00,753,,21.81802,,,,
2022-09-09T16:41:45+00:00,754,,21.81821,,,,
2022-09-09T16:42:03+00:00,755,,21.81821,,,,
2022-09-09T16:42:22+00:00,756,,21.81821,,,,
2022-09-09T16:42:41+00:00,757,,21.81821,,,,
2022-09-09T16:43:00+00:00,758,,21.81821,,,,
2022-09-09T16:43:18+00:00,759,,21.81821,,,,
2022-09-09T16:43:37+00:00,760,,21.81821,,,,
2022-09-09T16:43:57+00:00,761,,21.81821,,,,
2022-09-09T16:44:15+00:00,762,,21.81821,,,,
2022-09-09T16:44:34+00:00,763,,21.81821,,,,
2022-09-09T16:44:52+00:00,764,,21.81821,,,,
2022-09-09T16:45:11+00:00,765,,21.81821,,,,
2022-09-09T16:45:30+00:00,766,,21.81821,,,,
2022-09-09T16:45:49+00:00,767,,21.81821,,,,
2022-09-09T16:46:08+00:00,768,,21.81821,,,,
2022-09-09T16:46:25+00:00,769,,21.81821,,,,
2022-09-09T16:46:42+00:00,770,,21.81726,,,,
2022-09-09T16:47:01+00:00,771,,21.81821,,,,
2022-09-09T16:47:19+00:00,772,,21.81821,,,,
2022-09-09T16:47:37+00:00,773,,21.81821,,,,
2022-09-09T16:47:56+00:00,774,,21.81821,,,,
2022-09-09T16:48:15+00:00,775,,21.81821,,,,
2022-09-09T16:48:36+00:00,776,,21.81792,,,,
2022-09-09T16:48:55+00:00,777,,21.81821,,,,
2022-09-09T16:49:15+00:00,778,,21.81821,,,,
2022-09-09T16:49:33+00:00,779,,21.81821,,,,
2022-09-09T16:49:51+00:00,780,,21.81821,,,,
2022-09-09T16:50:11+00:00,781,,21.81821,,,,
2022-09-09T16:50:29+00:00,782,,21.81821,,,,
2022-09-09T16:50:48+00:00,783,,21.81754,,,,
2022-09-09T16:51:06+00:00,784,,21.81821,,,,
2022-09-09T16:51:24+00:00,785,,21.81787,,,,
2022-09-09T16:51:43+00:00,786,,21.81782,,,,
2022-09-09T16:52:02+00:00,787,,0.27121,,,,
2022-09-09T16:52:20+00:00,788,,0.17239,,,,
2022-09-09T16:52:39+00:00,789,,0.17214,,,,
2022-09-09T16:52:57+00:00,790,,0.17793,,,,
2022-09-09T16:53:15+00:00,791,,0.14840,,,,
2022-09-09T16:53:34+00:00,792,,0.15383,,,,
2022-09-09T16:53:51+00:00,793,,0.15275,,,,
2022-09-09T16:54:10+00:00,794,,0.15798,,,,
2022-09-09T16:54:29+00:00,795,,0.27415,,,,
2022-09-09T16:54:47+00:00,796,,0.18995,,,,
2022-09-09T16:55:05+00:00,797,,0.14818,,,,
2022-09-09T16:55:25+00:00,798,,0.15358,,,,
2022-09-09T16:55:44+00:00,799,,0.19391,,,,
2022-09-09T16:56:03+00:00,800,,0.17153,,,,
2022-09-09T16:56:22+00:00,801,,0.15421,,,,
2022-09-09T16:56:41+00:00,802,,0.17591,,,,
2022-09-09T16:57:00+00:00,803,,0.16019,,,,
2022-09-09T16:57:18+00:00,804,,0.15911,,,,
2022-09-09T16:57:37+00:00,805,,0.15682,,,,
2022-09-09T16:57:56+00:00,806,,0.17213,,,,
2022-09-09T16:58:14+00:00,807,,0.13994,,,,
2022-09-09T16:58:32+00:00,808,,0.14514,,,,
2022-09-09T16:58:52+00:00,809,,0.16528,,,,
2022-09-09T16:59:11+00:00,810,,0.16255,,,,
2022-09-09T16:59:29+00:00,811,,0.16382,,,,
2022-09-09T16:59:48+00:00,812,,0.15892,,,,
2022-09-09T17:00:06+00:00,813,,0.17619,,,,
2022-09-09T17:00:24+00:00,814,,0.15328,,,,
2022-09-09T17:00:41+00:00,815,,0.17399,,,,
2022-09-09T17:00:59+00:00,816,,0.18049,,,,
2022-09-09T17:01:17+00:00,817,,0.16139,,,,
2022-09-09T17:01:34+00:00,818,,0.14169,,,,
2022-09-09T17:01:52+00:00,819,,0.16643,,,,
2022-09-09T17:02:10+00:00,820,,21.81821,,,,
2022-09-09T17:02:27+00:00,821,,0.20194,,,,
2022-09-09T17:02:45+00:00,822,,0.16877,,,,
2022-09-09T17:03:02+00:00,823,,0.17197,,,,
2022-09-09T17:03:20+00:00,824,,0.16483,,,,
2022-09-09T17:03:37+00:00,825,,0.17887,,,,
2022-09-09T17:03:54+00:00,826,,0.17166,,,,
2022-09-09T17:04:11+00:00,827,,0.15528,,,,
2022-09-09T17:04:29+00:00,828,,0.19860,,,,
2022-09-09T17:04:46+00:00,829,,0.15553,,,,
2022-09-09T17:05:02+00:00,830,,0.16649,,,,
2022-09-09T17:05:19+00:00,831,,0.19337,,,,
2022-09-09T19:43:28+00:00,832,,15.07043,,,,
2022-09-09T19:43:46+00:00,833,,14.76850,,,,
2022-09-09T19:44:04+00:00,834,,14.56600,,,,
2022-09-09T19:44:22+00:00,835,,16.14271,,,,
2022-09-09T19:44:39+00:00,836,,15.01443,,,,
2022-09-09T19:44:55+00:00,837,,15.12844,,,,
2022-09-09T19:45:12+00:00,838,,14.90570,,,,
2022-09-09T19:45:31+00:00,839,,19.01520,,,,
2022-09-09T19:45:49+00:00,840,,18.52415,,,,
2022-09-09T19:46:07+00:00,841,,19.68556,,,,
2022-09-09T19:46:27+00:00,842,,19.43008,,,,
2022-09-09T19:46:45+00:00,843,,18.71697,,,,
2022-09-09T19:47:03+00:00,844,,19.47256,,,,
2022-09-09T19:47:22+00:00,845,,18.52583,,,,
2022-09-09T19:47:40+00:00,846,,19.12555,,,,
2022-09-09T19:47:58+00:00,847,,21.81821,,,,
2022-09-09T19:48:16+00:00,848,,21.81821,,,,
2022-09-09T19:48:34+00:00,849,,21.81821,,,,
2022-09-09T19:48:52+00:00,850,,21.81821,,,,
2022-09-09T19:49:10+00:00,851,,21.81821,,,,
2022-09-09T19:49:28+00:00,852,,21.81821,,,,
2022-09-09T19:49:46+00:00,853,,21.81617,,,,
2022-09-09T19:50:03+00:00,854,,21.81560,,,,
2022-09-09T19:50:21+00:00,855,,21.81757,,,,
2022-09-09T19:50:37+00:00,856,,21.81615,,,,
2022-09-09T19:50:55+00:00,857,,21.81821,,,,
2022-09-09T19:51:14+00:00,858,,21.81437,,,,
2022-09-09T19:51:33+00:00,859,,21.81618,,,,
2022-09-09T19:51:48+00:00,860,,21.81774,,,,
2022-09-09T19:52:07+00:00,861,,21.81767,,,,
2022-09-09T19:52:22+00:00,862,,21.81547,,,,
2022-09-09T19:52:39+00:00,863,,21.81532,,,,
2022-09-09T19:53:02+00:00,864,,21.81742,,,,
2022-09-09T19:53:23+00:00,865,,21.81551,,,,
2022-09-09T19:53:38+00:00,866,,21.81415,,,,
2022-09-09T19:53:55+00:00,867,,21.81391,,,,
2022-09-09T19:54:12+00:00,868,,21.81489,,,,
2022-09-09T19:54:29+00:00,869,,21.81273,,,,
2022-09-09T19:54:48+00:00,870,,21.81314,,,,
2022-09-09T19:55:06+00:00,871,,21.81739,,,,
2022-09-09T19:55:28+00:00,872,,21.81328,,,,
2022-09-09T19:55:50+00:00,873,,21.81274,,,,
2022-09-09T19:56:05+00:00,874,,21.81653,,,,
2022-09-09T19:56:24+00:00,875,,21.81425,,,,
2022-09-09T19:56:41+00:00,876,,21.81461,,,,
2022-09-09T19:56:57+00:00,877,,21.81545,,,,
2022-09-09T19:57:16+00:00,878,,21.44588,,,,
2022-09-09T19:57:33+00:00,879,,21.81322,,,,
2022-09-09T19:57:50+00:00,880,,21.55160,,,,
2022-09-09T19:59:14+00:00,881,,21.19049,,,,
2022-09-09T19:59:40+00:00,882,,21.25938,,,,
2022-09-09T19:59:58+00:00,883,,20.87006,,,,
2022-09-09T20:00:16+00:00,884,,21.30993,,,,
2022-09-09T20:00:45+00:00,885,,21.30645,,,,
2022-09-09T20:01:02+00:00,886,,21.70470,,,,
2022-09-09T20:01:20+00:00,887,,21.65629,,,,
2022-09-09T20:01:38+00:00,888,,20.96254,,,,
2022-09-09T20:02:02+00:00,889,,21.36567,,,,
2022-09-09T20:02:23+00:00,890,,21.73637,,,,
2022-09-09T20:02:45+00:00,891,,21.48695,,,,
2022-09-09T20:03:02+00:00,892,,20.26412,,,,
2022-09-09T20:03:20+00:00,893,,21.35915,,,,
2022-09-09T20:03:57+00:00,894,,21.13774,,,,
2022-09-09T20:04:16+00:00,895,,21.15877,,,,
2022-09-09T20:04:34+00:00,896,,21.19436,,,,
2022-09-09T20:04:52+00:00,897,,20.35956,,,,
2022-09-09T20:05:10+00:00,898,,20.66724,,,,
2022-09-09T20:05:29+00:00,899,,21.68790,,,,
2022-09-09T20:05:57+00:00,900,,21.81545,,,,
2022-09-09T20:06:16+00:00,901,,21.69441,,,,
2022-09-09T20:06:34+00:00,902,,20.98324,,,,
2022-09-09T20:06:54+00:00,903,,21.72628,,,,
2022-09-09T20:07:13+00:00,904,,21.80970,,,,
2022-09-09T20:07:31+00:00,905,,21.81339,,,,
2022-09-09T20:07:50+00:00,906,,21.81443,,,,
2022-09-09T20:08:19+00:00,907,,21.81387,,,,
2022-09-09T20:08:36+00:00,908,,21.81431,,,,
2022-09-09T20:08:58+00:00,909,,21.81738,,,,
2022-09-09T20:09:15+00:00,910,,21.81619,,,,
2022-09-09T20:09:35+00:00,911,,21.81624,,,,
2022-09-09T20:09:57+00:00,912,,21.81168,,,,
2022-09-09T20:10:13+00:00,913,,21.81711,,,,
2022-09-09T20:10:34+00:00,914,,21.81821,,,,
2022-09-09T20:10:57+00:00,915,,21.81821,,,,
2022-09-09T20:11:19+00:00,916,,21.81821,,,,
2022-09-09T20:11:46+00:00,917,,21.81821,,,,
2022-09-09T20:12:04+00:00,918,,21.81821,,,,
2022-09-09T20:12:25+00:00,919,,21.81821,,,,
2022-09-09T20:12:42+00:00,920,,21.81710,,,,
2022-09-09T20:13:00+00:00,921,,21.81812,,,,
2022-09-09T20:13:17+00:00,922,,21.81672,,,,
2022-09-09T20:13:35+00:00,923,,21.81800,,,,
2022-09-09T20:13:55+00:00,924,,21.81697,,,,
2022-09-09T20:14:12+00:00,925,,21.81641,,,,
2022-09-09T20:14:29+00:00,926,,21.81719,,,,
2022-09-09T20:14:48+00:00,927,,21.81772,,,,
2022-09-09T20:15:08+00:00,928,,21.81626,,,,
2022-09-09T20:15:28+00:00,929,,21.81821,,,,
2022-09-09T20:15:47+00:00,930,,21.81788,,,,
2022-09-09T20:16:06+00:00,931,,21.81677,,,,
2022-09-09T20:16:23+00:00,932,,21.81606,,,,
2022-09-09T20:16:45+00:00,933,,21.81448,,,,
2022-09-09T20:17:05+00:00,934,,21.81727,,,,
2022-09-09T20:17:25+00:00,935,,21.81662,,,,
2022-09-09T20:17:43+00:00,936,,21.81606,,,,
2022-09-09T20:18:02+00:00,937,,21.81665,,,,
2022-09-09T20:18:20+00:00,938,,21.81533,,,,
2022-09-09T20:18:44+00:00,939,,21.81513,,,,
2022-09-09T20:19:03+00:00,940,,21.81694,,,,
2022-09-09T20:19:22+00:00,941,,21.81673,,,,
2022-09-09T20:19:39+00:00,942,,21.81764,,,,
2022-09-09T20:19:57+00:00,943,,21.81661,,,,
2022-09-09T20:20:15+00:00,944,,21.81668,,,,
2022-09-09T20:20:34+00:00,945,,21.81625,,,,
2022-09-09T20:20:52+00:00,946,,21.81713,,,,
2022-09-09T20:21:10+00:00,947,,21.81814,,,,
2022-09-09T20:21:28+00:00,948,,21.81663,,,,
2022-09-09T20:21:45+00:00,949,,21.81794,,,,
2022-09-09T20:22:04+00:00,950,,21.81557,,,,
2022-09-09T20:22:22+00:00,951,,21.81793,,,,
2022-09-09T20:22:40+00:00,952,,21.81698,,,,
2022-09-09T20:22:58+00:00,953,,21.81699,,,,
2022-09-09T20:23:15+00:00,954,,21.81589,,,,
2022-09-09T20:23:34+00:00,955,,21.81671,,,,
2022-09-09T20:23:52+00:00,956,,21.81663,,,,
2022-09-09T20:24:10+00:00,957,,21.81593,,,,
2022-09-09T20:24:28+00:00,958,,21.81763,,,,
2022-09-09T20:24:46+00:00,959,,21.81701,,,,
2022-09-09T20:25:04+00:00,960,,21.81558,,,,
2022-09-09T20:25:22+00:00,961,,21.81651,,,,
2022-09-09T20:25:40+00:00,962,,21.81749,,,,
2022-09-09T20:25:59+00:00,963,,21.81638,,,,
2022-09-09T20:26:17+00:00,964,,21.81608,,,,
2022-09-09T20:26:35+00:00,965,,21.81610,,,,
2022-09-09T20:26:54+00:00,966,,21.81694,,,,
2022-09-09T20:27:12+00:00,967,,21.81776,,,,
2022-09-09T20:27:31+00:00,968,,21.81566,,,,
2022-09-09T20:27:49+00:00,969,,21.81604,,,,
2022-09-09T20:28:07+00:00,970,,21.81636,,,,
2022-09-09T20:28:24+00:00,971,,21.81635,,,,
2022-09-09T20:28:42+00:00,972,,21.81575,,,,
2022-09-09T20:29:00+00:00,973,,21.81625,,,,
2022-09-09T20:29:18+00:00,974,,21.81529,,,,
2022-09-09T20:29:36+00:00,975,,21.81636,,,,
2022-09-09T20:29:56+00:00,976,,21.81697,,,,
2022-09-09T20:30:14+00:00,977,,21.81728,,,,
2022-09-09T20:30:33+00:00,978,,21.81700,,,,
2022-09-09T20:30:51+00:00,979,,21.81468,,,,
2022-09-09T20:31:10+00:00,980,,21.81532,,,,
2022-09-09T20:31:28+00:00,981,,21.81629,,,,
2022-09-09T20:31:47+00:00,982,,21.81762,,,,
2022-09-09T20:32:05+00:00,983,,21.81590,,,,
2022-09-09T20:32:23+00:00,984,,21.81620,,,,
2022-09-09T20:32:42+00:00,985,,21.81674,,,,
2022-09-09T20:33:01+00:00,986,,21.81646,,,,
2022-09-09T20:33:19+00:00,987,,21.81633,,,,
2022-09-09T20:33:38+00:00,988,,21.81559,,,,
2022-09-09T20:33:56+00:00,989,,21.81659,,,,
2022-09-09T20:34:15+00:00,990,,21.81664,,,,
2022-09-09T20:34:33+00:00,991,,21.81808,,,,
2022-09-09T20:34:52+00:00,992,,21.81701,,,,
2022-09-09T20:35:11+00:00,993,,21.81659,,,,
2022-09-09T20:35:29+00:00,994,,21.81702,,,,
2022-09-09T20:35:48+00:00,995,,21.81718,,,,
2022-09-09T20:36:06+00:00,996,,21.81345,,,,
2022-09-09T20:36:25+00:00,997,,21.81605,,,,
2022-09-09T20:36:44+00:00,998,,21.81477,,,,
2022-09-09T20:37:02+00:00,999,,21.81501,,,,
2022-09-09T20:37:20+00:00,1000,,21.81658,,,,
2022-09-09T20:37:39+00:00,1001,,21.81559,,,,
2022-09-09T20:37:57+00:00,1002,,21.81688,,,,
2022-09-09T20:38:16+00:00,1003,,21.81625,,,,
2022-09-09T20:38:34+00:00,1004,,21.81351,,,,
2022-09-09T20:38:53+00:00,1005,,21.81710,,,,
2022-09-09T20:39:11+00:00,1006,,21.81543,,,,
2022-09-09T20:39:29+00:00,1007,,21.81388,,,,
2022-09-09T20:39:48+00:00,1008,,21.81629,,,,
2022-09-09T20:40:06+00:00,1009,,21.81507,,,,
2022-09-09T20:40:24+00:00,1010,,21.81522,,,,
2022-09-09T20:40:42+00:00,1011,,21.81549,,,,
2022-09-09T20:41:00+00:00,1012,,21.81615,,,,
2022-09-09T20:41:18+00:00,1013,,21.81548,,,,
2022-09-09T20:41:37+00:00,1014,,21.81378,,,,
2022-09-09T20:41:55+00:00,1015,,21.80431,,,,
2022-09-09T20:42:13+00:00,1016,,21.78930,,,,
2022-09-09T20:42:32+00:00,1017,,21.74875,,,,
2022-09-09T20:42:50+00:00,1018,,21.50421,,,,
2022-09-09T20:43:08+00:00,1019,,21.39619,,,,
2022-09-09T20:43:26+00:00,1020,,21.79660,,,,
2022-09-09T20:43:44+00:00,1021,,21.81155,,,,
2022-09-09T20:44:02+00:00,1022,,21.81465,,,,
2022-09-09T20:44:20+00:00,1023,,21.81345,,,,
2022-09-09T20:44:38+00:00,1024,,21.81165,,,,
2022-09-09T20:44:56+00:00,1025,,21.81305,,,,
2022-09-09T20:45:16+00:00,1026,,21.81533,,,,
2022-09-09T20:45:34+00:00,1027,,21.81219,,,,
2022-09-09T20:45:52+00:00,1028,,21.81576,,,,
2022-09-09T20:46:10+00:00,1029,,21.81237,,,,
2022-09-09T20:46:29+00:00,1030,,21.81503,,,,
2022-09-09T20:46:47+00:00,1031,,21.75441,,,,
2022-09-09T20:47:05+00:00,1032,,21.78326,,,,
2022-09-09T20:47:24+00:00,1033,,21.63107,,,,
2022-09-09T20:47:42+00:00,1034,,20.62958,,,,
2022-09-09T20:48:00+00:00,1035,,20.45857,,,,
2022-09-09T20:48:19+00:00,1036,,20.33792,,,,
2022-09-09T20:48:37+00:00,1037,,20.47416,,,,
2022-09-09T20:48:55+00:00,1038,,20.35658,,,,
2022-09-09T20:49:13+00:00,1039,,20.33865,,,,
2022-09-09T20:49:31+00:00,1040,,20.30880,,,,
2022-09-09T20:49:49+00:00,1041,,20.64209,,,,
2022-09-09T20:50:07+00:00,1042,,20.86814,,,,
2022-09-09T20:50:25+00:00,1043,,20.32669,,,,
2022-09-09T20:50:43+00:00,1044,,20.30384,,,,
2022-09-09T20:51:00+00:00,1045,,20.38051,,,,
2022-09-09T20:51:18+00:00,1046,,20.97930,,,,
2022-09-09T20:51:35+00:00,1047,,20.46284,,,,
2022-09-09T20:51:54+00:00,1048,,20.42867,,,,
2022-09-09T20:52:12+00:00,1049,,20.46735,,,,
2022-09-09T20:52:30+00:00,1050,,20.36720,,,,
2022-09-09T20:52:47+00:00,1051,,20.30643,,,,
2022-09-09T20:53:05+00:00,1052,,21.05272,,,,
2022-09-09T20:53:23+00:00,1053,,20.33131,,,,
2022-09-09T20:53:41+00:00,1054,,20.65589,,,,
2022-09-09T20:53:59+00:00,1055,,20.28167,,,,
2022-09-09T20:54:16+00:00,1056,,20.40172,,,,
2022-09-09T20:54:34+00:00,1057,,20.26272,,,,
2022-09-09T20:54:52+00:00,1058,,21.27019,,,,
2022-09-09T20:55:09+00:00,1059,,20.57855,,,,
2022-09-09T20:55:27+00:00,1060,,20.29041,,,,
2022-09-09T20:55:45+00:00,1061,,20.27890,,,,
2022-09-09T20:56:03+00:00,1062,,20.24713,,,,
2022-09-09T20:56:21+00:00,1063,,20.28255,,,,
2022-09-09T20:56:38+00:00,1064,,20.25163,,,,
2022-09-09T20:56:56+00:00,1065,,20.44853,,,,
2022-09-09T20:57:14+00:00,1066,,20.24658,,,,
2022-09-09T20:57:33+00:00,1067,,20.22033,,,,
2022-09-09T20:57:51+00:00,1068,,20.20527,,,,
2022-09-09T20:58:10+00:00,1069,,20.28288,,,,
2022-09-09T20:58:27+00:00,1070,,20.42079,,,,
2022-09-09T20:58:45+00:00,1071,,20.45398,,,,
2022-09-09T20:59:02+00:00,1072,,20.23254,,,,
2022-09-09T20:59:19+00:00,1073,,20.25545,,,,
2022-09-09T20:59:37+00:00,1074,,20.39887,,,,
2022-09-09T20:59:55+00:00,1075,,20.25802,,,,
2022-09-09T21:00:12+00:00,1076,,20.27198,,,,
2022-09-09T21:00:30+00:00,1077,,20.85538,,,,
2022-09-09T21:00:48+00:00,1078,,20.32229,,,,
2022-09-09T21:01:06+00:00,1079,,20.54727,,,,
2022-09-09T21:01:24+00:00,1080,,20.47401,,,,
2022-09-09T21:01:41+00:00,1081,,20.30161,,,,
2022-09-09T21:01:59+00:00,1082,,20.27171,,,,
2022-09-09T21:02:17+00:00,1083,,20.24532,,,,
2022-09-09T21:02:35+00:00,1084,,20.25476,,,,
2022-09-09T21:02:53+00:00,1085,,20.29315,,,,
2022-09-09T21:03:10+00:00,1086,,20.24990,,,,
2022-09-09T21:03:29+00:00,1087,,20.22355,,,,
2022-09-09T21:03:48+00:00,1088,,20.26772,,,,
2022-09-09T21:04:06+00:00,1089,,20.42723,,,,
2022-09-09T21:04:23+00:00,1090,,20.25146,,,,
2022-09-09T21:04:41+00:00,1091,,20.25874,,,,
2022-09-09T21:04:59+00:00,1092,,20.35991,,,,
2022-09-09T21:05:17+00:00,1093,,20.45209,,,,
2022-09-09T21:05:35+00:00,1094,,20.36561,,,,
2022-09-09T21:05:53+00:00,1095,,20.22333,,,,
2022-09-09T21:06:11+00:00,1096,,20.62813,,,,
2022-09-09T21:06:29+00:00,1097,,20.25778,,,,
2022-09-09T21:06:46+00:00,1098,,20.55348,,,,
2022-09-09T21:07:05+00:00,1099,,20.31513,,,,
2022-09-09T21:07:23+00:00,1100,,20.46697,,,,
2022-09-09T21:07:41+00:00,1101,,20.26052,,,,
2022-09-09T21:07:59+00:00,1102,,20.23912,,,,
2022-09-09T21:08:17+00:00,1103,,20.25645,,,,
2022-09-09T21:08:34+00:00,1104,,20.24534,,,,
2022-09-09T21:08:53+00:00,1105,,20.22832,,,,
2022-09-09T21:09:10+00:00,1106,,20.24540,,,,
2022-09-09T21:09:28+00:00,1107,,20.24821,,,,
2022-09-09T21:09:47+00:00,1108,,20.24366,,,,
2022-09-09T21:10:05+00:00,1109,,20.32156,,,,
2022-09-09T21:10:22+00:00,1110,,20.25826,,,,
2022-09-09T21:10:40+00:00,1111,,20.38896,,,,
2022-09-09T21:10:58+00:00,1112,,20.25355,,,,
2022-09-09T21:11:17+00:00,1113,,20.25306,,,,
2022-09-09T21:11:35+00:00,1114,,20.30368,,,,
2022-09-09T21:11:53+00:00,1115,,20.23351,,,,
2022-09-09T21:12:11+00:00,1116,,20.21404,,,,
2022-09-09T21:12:29+00:00,1117,,20.20525,,,,
2022-09-09T21:12:47+00:00,1118,,20.20326,,,,
2022-09-09T21:13:06+00:00,1119,,20.30795,,,,
2022-09-09T21:13:23+00:00,1120,,20.58940,,,,
2022-09-09T21:13:42+00:00,1121,,20.26208,,,,
2022-09-09T21:13:59+00:00,1122,,20.31534,,,,
2022-09-09T21:14:17+00:00,1123,,20.30648,,,,
2022-09-09T21:14:34+00:00,1124,,20.40239,,,,
2022-09-09T21:14:52+00:00,1125,,20.81249,,,,
2022-09-09T21:15:10+00:00,1126,,21.41590,,,,
2022-09-09T21:15:28+00:00,1127,,21.62359,,,,
2022-09-09T21:15:45+00:00,1128,,21.45541,,,,
2022-09-09T21:16:03+00:00,1129,,21.52625,,,,
2022-09-09T21:16:20+00:00,1130,,21.76949,,,,
2022-09-09T21:16:38+00:00,1131,,21.62742,,,,
2022-09-09T21:16:56+00:00,1132,,21.76907,,,,
2022-09-09T21:17:15+00:00,1133,,21.57155,,,,
2022-09-09T21:17:33+00:00,1134,,21.74619,,,,
2022-09-09T21:17:50+00:00,1135,,21.81034,,,,
2022-09-09T21:18:08+00:00,1136,,21.80889,,,,
2022-09-09T21:18:25+00:00,1137,,21.78764,,,,
2022-09-09T21:18:43+00:00,1138,,21.75841,,,,
2022-09-09T21:19:02+00:00,1139,,21.79796,,,,
2022-09-09T21:19:20+00:00,1140,,21.79913,,,,
2022-09-09T21:19:38+00:00,1141,,21.81058,,,,
2022-09-09T21:19:57+00:00,1142,,21.81449,,,,
2022-09-09T21:20:14+00:00,1143,,21.81352,,,,
2022-09-09T21:20:32+00:00,1144,,21.74837,,,,
2022-09-09T21:20:56+00:00,1145,,21.81821,,,,
2022-09-09T21:21:15+00:00,1146,,21.81280,,,,
2022-09-09T21:21:33+00:00,1147,,21.81464,,,,
2022-09-09T21:21:50+00:00,1148,,21.81218,,,,
2022-09-09T21:22:09+00:00,1149,,21.81352,,,,
2022-09-09T21:22:34+00:00,1150,,21.81191,,,,
2022-09-09T21:22:54+00:00,1151,,21.81181,,,,
2022-09-09T21:23:29+00:00,1152,,21.81504,,,,
2022-09-09T21:23:48+00:00,1153,,21.81412,,,,
2022-09-09T21:24:06+00:00,1154,,21.81717,,,,
2022-09-09T21:24:24+00:00,1155,,21.79948,,,,
2022-09-09T21:24:51+00:00,1156,,21.81270,,,,
2022-09-09T21:25:09+00:00,1157,,21.81308,,,,
2022-09-09T21:25:27+00:00,1158,,21.34430,,,,
2022-09-09T21:25:46+00:00,1159,,21.45026,,,,
2022-09-09T21:26:04+00:00,1160,,20.86817,,,,
2022-09-09T21:26:22+00:00,1161,,20.56175,,,,
2022-09-09T21:26:40+00:00,1162,,21.46892,,,,
2022-09-09T21:26:59+00:00,1163,,20.70600,,,,
2022-09-09T21:27:17+00:00,1164,,20.63712,,,,
2022-09-09T21:27:36+00:00,1165,,21.06062,,,,
2022-09-09T21:27:55+00:00,1166,,20.37886,,,,
2022-09-09T21:28:14+00:00,1167,,20.78804,,,,
2022-09-09T21:28:33+00:00,1168,,20.45672,,,,
2022-09-09T21:28:51+00:00,1169,,20.96596,,,,
2022-09-09T21:29:09+00:00,1170,,20.45286,,,,
2022-09-09T21:29:27+00:00,1171,,21.07178,,,,
2022-09-09T21:29:45+00:00,1172,,20.37174,,,,
2022-09-09T21:30:03+00:00,1173,,20.76349,,,,
2022-09-09T21:30:21+00:00,1174,,20.54506,,,,
2022-09-09T21:30:40+00:00,1175,,20.27848,,,,
2022-09-09T21:30:58+00:00,1176,,20.53490,,,,
2022-09-09T21:31:16+00:00,1177,,20.83528,,,,
2022-09-09T21:31:33+00:00,1178,,20.68705,,,,
2022-09-09T21:31:50+00:00,1179,,20.88830,,,,
2022-09-09T21:32:09+00:00,1180,,20.57807,,,,
2022-09-09T21:32:27+00:00,1181,,20.46966,,,,
2022-09-09T21:32:45+00:00,1182,,20.37704,,,,
2022-09-09T21:33:03+00:00,1183,,21.81821,,,,
2022-09-09T21:33:23+00:00,1184,,21.81821,,,,
2022-09-09T21:33:41+00:00,1185,,21.81821,,,,
2022-09-09T21:33:59+00:00,1186,,21.81821,,,,
2022-09-09T21:34:17+00:00,1187,,21.81821,,,,
2022-09-09T21:34:35+00:00,1188,,21.81821,,,,
2022-09-09T21:34:51+00:00,1189,,21.81821,,,,
2022-09-09T21:35:10+00:00,1190,,21.81398,,,,
2022-09-09T21:35:28+00:00,1191,,21.81342,,,,
2022-09-09T21:35:46+00:00,1192,,21.81541,,,,
2022-09-09T21:36:05+00:00,1193,,21.81469,,,,
2022-09-09T21:36:23+00:00,1194,,21.81227,,,,
2022-09-09T21:36:42+00:00,1195,,21.81297,,,,
2022-09-09T21:37:00+00:00,1196,,21.76250,,,,
2022-09-09T21:37:18+00:00,1197,,21.76423,,,,
2022-09-09T21:37:36+00:00,1198,,21.11241,,,,
2022-09-09T21:37:56+00:00,1199,,21.36399,,,,
2022-09-09T21:38:14+00:00,1200,,21.06803,,,,
2022-09-09T21:38:32+00:00,1201,,20.69895,,,,
2022-09-09T21:38:50+00:00,1202,,21.26431,,,,
2022-09-09T21:39:09+00:00,1203,,20.75064,,,,
2022-09-09T21:39:27+00:00,1204,,20.64949,,,,
2022-09-09T21:39:45+00:00,1205,,20.30294,,,,
2022-09-09T21:40:04+00:00,1206,,20.45112,,,,
2022-09-09T21:40:22+00:00,1207,,20.48069,,,,
2022-09-09T21:40:40+00:00,1208,,20.61155,,,,
2022-09-09T21:40:58+00:00,1209,,20.46549,,,,
2022-09-09T21:41:17+00:00,1210,,20.80420,,,,
2022-09-09T21:41:36+00:00,1211,,20.24867,,,,
2022-09-09T21:41:54+00:00,1212,,20.25609,,,,
2022-09-09T21:42:13+00:00,1213,,20.21567,,,,
2022-09-09T21:42:32+00:00,1214,,20.64915,,,,
2022-09-09T21:42:51+00:00,1215,,20.24179,,,,
2022-09-09T21:43:09+00:00,1216,,20.48557,,,,
2022-09-09T21:43:27+00:00,1217,,20.21920,,,,
2022-09-09T21:43:46+00:00,1218,,20.35093,,,,
2022-09-09T21:44:05+00:00,1219,,20.40737,,,,
2022-09-09T21:44:24+00:00,1220,,20.27969,,,,
2022-09-09T21:44:42+00:00,1221,,20.20448,,,,
2022-09-09T21:45:01+00:00,1222,,20.37338,,,,
2022-09-09T21:45:19+00:00,1223,,20.33207,,,,
2022-09-09T21:45:37+00:00,1224,,20.28935,,,,
2022-09-09T21:45:56+00:00,1225,,20.30560,,,,
2022-09-09T21:46:15+00:00,1226,,20.23803,,,,
2022-09-09T21:46:33+00:00,1227,,20.32208,,,,
2022-09-09T21:46:51+00:00,1228,,20.18356,,,,
2022-09-09T21:47:09+00:00,1229,,20.23452,,,,
2022-09-09T21:47:28+00:00,1230,,20.30019,,,,
2022-09-09T21:47:46+00:00,1231,,20.21324,,,,
2022-09-09T21:48:04+00:00,1232,,20.33786,,,,
2022-09-09T21:48:22+00:00,1233,,20.18703,,,,
2022-09-09T21:48:42+00:00,1234,,20.30775,,,,
2022-09-09T21:48:59+00:00,1235,,20.37415,,,,
2022-09-09T21:49:17+00:00,1236,,20.15733,,,,
2022-09-09T21:49:35+00:00,1237,,20.24407,,,,
2022-09-09T21:49:52+00:00,1238,,20.23504,,,,
2022-09-09T21:50:11+00:00,1239,,20.20415,,,,
2022-09-09T21:50:29+00:00,1240,,20.16822,,,,
2022-09-09T21:50:47+00:00,1241,,20.14153,,,,
2022-09-09T21:51:06+00:00,1242,,20.37240,,,,
2022-09-09T21:51:24+00:00,1243,,20.18959,,,,
2022-09-09T21:51:43+00:00,1244,,20.26577,,,,
2022-09-09T21:52:01+00:00,1245,,20.16016,,,,
2022-09-09T21:52:19+00:00,1246,,20.29057,,,,
2022-09-09T21:52:38+00:00,1247,,20.25816,,,,
2022-09-09T21:52:56+00:00,1248,,20.27810,,,,
2022-09-09T21:53:15+00:00,1249,,20.21924,,,,
2022-09-09T21:53:34+00:00,1250,,20.10718,,,,
2022-09-09T21:53:52+00:00,1251,,20.18982,,,,
2022-09-09T21:54:11+00:00,1252,,20.20148,,,,
2022-09-09T21:54:30+00:00,1253,,20.19917,,,,
2022-09-09T21:54:49+00:00,1254,,20.27779,,,,
2022-09-09T21:55:07+00:00,1255,,20.10055,,,,
2022-09-09T21:55:26+00:00,1256,,20.18397,,,,
2022-09-09T21:55:45+00:00,1257,,20.15156,,,,
2022-09-09T21:56:04+00:00,1258,,20.11371,,,,
2022-09-09T21:56:21+00:00,1259,,20.12240,,,,
2022-09-09T21:56:40+00:00,1260,,20.27242,,,,
2022-09-09T21:56:59+00:00,1261,,20.14352,,,,
2022-09-09T21:57:16+00:00,1262,,20.25454,,,,
2022-09-09T21:57:35+00:00,1263,,20.29255,,,,
2022-09-09T21:57:53+00:00,1264,,20.09741,,,,
2022-09-09T21:58:12+00:00,1265,,20.22360,,,,
2022-09-09T21:58:29+00:00,1266,,20.13220,,,,
2022-09-09T21:58:48+00:00,1267,,20.48475,,,,
2022-09-09T21:59:07+00:00,1268,,20.11606,,,,
2022-09-09T21:59:25+00:00,1269,,20.24730,,,,
2022-09-09T21:59:44+00:00,1270,,20.14555,,,,
2022-09-09T22:00:02+00:00,1271,,20.35489,,,,
2022-09-09T22:00:21+00:00,1272,,20.10604,,,,
2022-09-09T22:00:39+00:00,1273,,20.48570,,,,
2022-09-09T22:00:58+00:00,1274,,20.27656,,,,
2022-09-09T22:01:17+00:00,1275,,20.09697,,,,
2022-09-09T22:01:34+00:00,1276,,20.09083,,,,
2022-09-09T22:01:52+00:00,1277,,20.05051,,,,
2022-09-09T22:02:12+00:00,1278,,20.10032,,,,
2022-09-09T22:02:30+00:00,1279,,20.14745,,,,
2022-09-09T22:02:48+00:00,1280,,20.14601,,,,
2022-09-09T22:03:06+00:00,1281,,20.25877,,,,
2022-09-09T22:03:23+00:00,1282,,20.73178,,,,
2022-09-09T22:03:42+00:00,1283,,20.24902,,,,
2022-09-09T22:04:01+00:00,1284,,20.15402,,,,
2022-09-09T22:04:20+00:00,1285,,20.11276,,,,
2022-09-09T22:04:38+00:00,1286,,20.07009,,,,
2022-09-09T22:04:56+00:00,1287,,21.57935,,,,
2022-09-09T22:05:15+00:00,1288,,20.19296,,,,
2022-09-09T22:05:34+00:00,1289,,20.13303,,,,
2022-09-09T22:05:51+00:00,1290,,20.13454,,,,
2022-09-09T22:06:09+00:00,1291,,20.07542,,,,
2022-09-09T22:06:28+00:00,1292,,20.02291,,,,
2022-09-09T22:06:46+00:00,1293,,20.16953,,,,
2022-09-09T22:07:04+00:00,1294,,20.18338,,,,
2022-09-09T22:07:22+00:00,1295,,19.95975,,,,
2022-09-09T22:07:41+00:00,1296,,19.95999,,,,
2022-09-09T22:07:59+00:00,1297,,19.97992,,,,
2022-09-09T22:08:18+00:00,1298,,19.94381,,,,
2022-09-09T22:08:37+00:00,1299,,19.95114,,,,
2022-09-09T22:08:55+00:00,1300,,20.00411,,,,
2022-09-09T22:09:14+00:00,1301,,19.96102,,,,
2022-09-09T22:09:32+00:00,1302,,19.92527,,,,
2022-09-09T22:09:50+00:00,1303,,19.97344,,,,
2022-09-09T22:10:08+00:00,1304,,19.90305,,,,
2022-09-09T22:10:26+00:00,1305,,19.90736,,,,
2022-09-09T22:10:45+00:00,1306,,19.98111,,,,
2022-09-09T22:11:03+00:00,1307,,19.86779,,,,
2022-09-09T22:11:22+00:00,1308,,20.05560,,,,
2022-09-09T22:11:40+00:00,1309,,20.14485,,,,
2022-09-09T22:11:58+00:00,1310,,19.93728,,,,
2022-09-09T22:12:16+00:00,1311,,20.09367,,,,
2022-09-09T22:12:35+00:00,1312,,20.31465,,,,
2022-09-09T22:12:54+00:00,1313,,20.22283,,,,
2022-09-09T22:13:13+00:00,1314,,20.26031,,,,
2022-09-09T22:13:31+00:00,1315,,20.28949,,,,
2022-09-09T22:13:49+00:00,1316,,20.30556,,,,
2022-09-09T22:14:07+00:00,1317,,20.04455,,,,
2022-09-09T22:14:26+00:00,1318,,20.10503,,,,
2022-09-09T22:14:45+00:00,1319,,19.97947,,,,
2022-09-09T22:15:03+00:00,1320,,19.91857,,,,
2022-09-09T22:15:22+00:00,1321,,20.01553,,,,
2022-09-09T22:15:41+00:00,1322,,20.02276,,,,
2022-09-09T22:15:59+00:00,1323,,19.97668,,,,
2022-09-09T22:16:18+00:00,1324,,20.04642,,,,
2022-09-09T22:16:36+00:00,1325,,20.16658,,,,
2022-09-09T22:16:54+00:00,1326,,20.17808,,,,
2022-09-09T22:17:13+00:00,1327,,20.08441,,,,
2022-09-09T22:17:30+00:00,1328,,20.07539,,,,
2022-09-09T22:17:48+00:00,1329,,20.21033,,,,
2022-09-09T22:18:06+00:00,1330,,20.15269,,,,
2022-09-09T22:18:24+00:00,1331,,19.99910,,,,
2022-09-09T22:18:43+00:00,1332,,20.06640,,,,
2022-09-09T22:19:01+00:00,1333,,19.96897,,,,
2022-09-09T22:19:19+00:00,1334,,19.97617,,,,
2022-09-09T22:19:37+00:00,1335,,19.94029,,,,
2022-09-09T22:19:56+00:00,1336,,19.99499,,,,
2022-09-09T22:20:15+00:00,1337,,20.03226,,,,
2022-09-09T22:20:33+00:00,1338,,20.01443,,,,
2022-09-09T22:20:52+00:00,1339,,20.12649,,,,
2022-09-09T22:21:10+00:00,1340,,20.02610,,,,
2022-09-09T22:21:28+00:00,1341,,20.07404,,,,
2022-09-09T22:21:47+00:00,1342,,20.07550,,,,
2022-09-09T22:22:05+00:00,1343,,20.21689,,,,
2022-09-09T22:22:23+00:00,1344,,20.00867,,,,
2022-09-09T22:22:42+00:00,1345,,19.99053,,,,
2022-09-09T22:23:01+00:00,1346,,20.14938,,,,
2022-09-09T22:23:20+00:00,1347,,20.15290,,,,
2022-09-09T22:23:39+00:00,1348,,20.05706,,,,
2022-09-09T22:23:56+00:00,1349,,20.19006,,,,
2022-09-09T22:24:14+00:00,1350,,20.21920,,,,
2022-09-09T22:24:33+00:00,1351,,20.28596,,,,
2022-09-09T22:24:51+00:00,1352,,20.51466,,,,
2022-09-09T22:25:10+00:00,1353,,20.07519,,,,
2022-09-09T22:25:28+00:00,1354,,20.16393,,,,
2022-09-09T22:25:47+00:00,1355,,20.18263,,,,
2022-09-09T22:26:05+00:00,1356,,19.99843,,,,
2022-09-09T22:26:23+00:00,1357,,19.95923,,,,
2022-09-09T22:26:41+00:00,1358,,20.07918,,,,
2022-09-09T22:27:00+00:00,1359,,20.08109,,,,
2022-09-09T22:27:18+00:00,1360,,19.99101,,,,
2022-09-09T22:27:36+00:00,1361,,20.13604,,,,
2022-09-09T22:27:54+00:00,1362,,20.04032,,,,
2022-09-09T22:28:14+00:00,1363,,20.00085,,,,
2022-09-09T22:28:32+00:00,1364,,20.04153,,,,
2022-09-09T22:28:50+00:00,1365,,20.20541,,,,
2022-09-09T22:29:09+00:00,1366,,19.93326,,,,
2022-09-09T22:29:27+00:00,1367,,19.99176,,,,
2022-09-09T22:29:44+00:00,1368,,20.18084,,,,
2022-09-09T22:30:02+00:00,1369,,20.01581,,,,
2022-09-09T22:30:21+00:00,1370,,20.08440,,,,
2022-09-09T22:30:39+00:00,1371,,19.99578,,,,
2022-09-09T22:30:58+00:00,1372,,19.97547,,,,
2022-09-09T22:31:16+00:00,1373,,20.01515,,,,
2022-09-09T22:31:34+00:00,1374,,20.01726,,,,
2022-09-09T22:31:52+00:00,1375,,20.05034,,,,
2022-09-09T22:32:11+00:00,1376,,19.92911,,,,
2022-09-09T22:32:29+00:00,1377,,19.88964,,,,
2022-09-09T22:32:48+00:00,1378,,20.32096,,,,
2022-09-09T22:33:06+00:00,1379,,20.17602,,,,
2022-09-09T22:33:25+00:00,1380,,20.15338,,,,
2022-09-09T22:33:43+00:00,1381,,20.01110,,,,
2022-09-09T22:34:01+00:00,1382,,20.03578,,,,
2022-09-09T22:34:20+00:00,1383,,19.94576,,,,
2022-09-09T22:34:39+00:00,1384,,20.19537,,,,
2022-09-09T22:34:58+00:00,1385,,20.00286,,,,
2022-09-09T22:35:17+00:00,1386,,20.24347,,,,
2022-09-09T22:35:36+00:00,1387,,19.99497,,,,
2022-09-09T22:35:55+00:00,1388,,20.34701,,,,
2022-09-09T22:36:13+00:00,1389,,20.13539,,,,
2022-09-09T22:36:33+00:00,1390,,20.02397,,,,
2022-09-09T22:36:52+00:00,1391,,20.21597,,,,
2022-09-09T22:37:11+00:00,1392,,19.97114,,,,
2022-09-09T22:37:31+00:00,1393,,20.12033,,,,
2022-09-09T22:37:49+00:00,1394,,20.10599,,,,
2022-09-09T22:38:07+00:00,1395,,20.07578,,,,
2022-09-09T22:38:26+00:00,1396,,20.05197,,,,
2022-09-09T22:38:44+00:00,1397,,19.87528,,,,
2022-09-09T22:39:03+00:00,1398,,19.91950,,,,
2022-09-09T22:39:21+00:00,1399,,20.00220,,,,
2022-09-09T22:39:40+00:00,1400,,20.07237,,,,
2022-09-09T22:39:58+00:00,1401,,20.27319,,,,
2022-09-09T22:40:16+00:00,1402,,20.03607,,,,
2022-09-09T22:40:35+00:00,1403,,19.94877,,,,
2022-09-09T22:40:54+00:00,1404,,20.06378,,,,
2022-09-09T22:41:13+00:00,1405,,20.11465,,,,
2022-09-09T22:41:31+00:00,1406,,19.89334,,,,
2022-09-09T22:41:49+00:00,1407,,19.96833,,,,
2022-09-09T22:42:07+00:00,1408,,20.00100,,,,
2022-09-09T22:42:26+00:00,1409,,19.98582,,,,
2022-09-09T22:42:44+00:00,1410,,20.04952,,,,
2022-09-09T22:43:03+00:00,1411,,19.98973,,,,
2022-09-09T22:43:22+00:00,1412,,19.93603,,,,
2022-09-09T22:43:41+00:00,1413,,20.00388,,,,
2022-09-09T22:43:59+00:00,1414,,19.96522,,,,
2022-09-09T22:44:18+00:00,1415,,19.91817,,,,
2022-09-09T22:44:36+00:00,1416,,19.94826,,,,
2022-09-09T22:44:54+00:00,1417,,20.06971,,,,
2022-09-09T22:45:14+00:00,1418,,20.01142,,,,
2022-09-09T22:45:32+00:00,1419,,20.11693,,,,
2022-09-09T22:45:50+00:00,1420,,19.98907,,,,
2022-09-09T22:46:09+00:00,1421,,20.06525,,,,
2022-09-09T22:46:28+00:00,1422,,19.97676,,,,
2022-09-09T22:46:46+00:00,1423,,20.16997,,,,
2022-09-09T22:47:06+00:00,1424,,20.44502,,,,
2022-09-09T22:47:24+00:00,1425,,20.15085,,,,
2022-09-09T22:47:43+00:00,1426,,19.97866,,,,
2022-09-09T22:48:01+00:00,1427,,20.25153,,,,
2022-09-09T22:48:19+00:00,1428,,20.02651,,,,
2022-09-09T22:48:38+00:00,1429,,19.99711,,,,
2022-09-09T22:48:57+00:00,1430,,20.05009,,,,
2022-09-09T22:49:16+00:00,1431,,20.00204,,,,
2022-09-09T22:49:35+00:00,1432,,19.88920,,,,
2022-09-09T22:49:54+00:00,1433,,19.94943,,,,
2022-09-09T22:50:13+00:00,1434,,19.99222,,,,
2022-09-09T22:50:31+00:00,1435,,20.07887,,,,
2022-09-09T22:50:50+00:00,1436,,20.11654,,,,
2022-09-09T22:51:09+00:00,1437,,20.02692,,,,
2022-09-09T22:51:28+00:00,1438,,20.16803,,,,
2022-09-09T22:51:47+00:00,1439,,20.21533,,,,
2022-09-09T22:52:05+00:00,1440,,20.18709,,,,
2022-09-09T22:52:24+00:00,1441,,19.98940,,,,
2022-09-09T22:52:43+00:00,1442,,19.95994,,,,
2022-09-09T22:53:01+00:00,1443,,19.98564,,,,
2022-09-09T22:53:20+00:00,1444,,19.96314,,,,
2022-09-09T22:53:39+00:00,1445,,19.94589,,,,
2022-09-09T22:53:58+00:00,1446,,19.91686,,,,
2022-09-09T22:54:19+00:00,1447,,19.97184,,,,
2022-09-09T22:54:38+00:00,1448,,19.87172,,,,
2022-09-09T22:54:56+00:00,1449,,19.89131,,,,
2022-09-09T22:55:15+00:00,1450,,19.88269,,,,
2022-09-09T22:55:34+00:00,1451,,19.97985,,,,
2022-09-09T22:55:53+00:00,1452,,20.04663,,,,
2022-09-09T22:56:11+00:00,1453,,19.97320,,,,
2022-09-09T22:56:30+00:00,1454,,20.01247,,,,
2022-09-09T22:56:48+00:00,1455,,19.97914,,,,
2022-09-09T22:57:06+00:00,1456,,20.20055,,,,
2022-09-09T22:57:25+00:00,1457,,19.95652,,,,
2022-09-09T22:57:44+00:00,1458,,20.08061,,,,
2022-09-09T22:58:03+00:00,1459,,19.99856,,,,
2022-09-09T22:58:22+00:00,1460,,19.92649,,,,
2022-09-09T22:58:40+00:00,1461,,19.97158,,,,
2022-09-09T22:58:58+00:00,1462,,19.94595,,,,
2022-09-09T22:59:16+00:00,1463,,19.90351,,,,
2022-09-09T22:59:35+00:00,1464,,19.93200,,,,
2022-09-09T22:59:54+00:00,1465,,19.91754,,,,
2022-09-09T23:00:13+00:00,1466,,19.89833,,,,
2022-09-09T23:00:31+00:00,1467,,20.08418,,,,
2022-09-09T23:00:50+00:00,1468,,19.94395,,,,
2022-09-09T23:01:09+00:00,1469,,20.12620,,,,
2022-09-09T23:01:28+00:00,1470,,20.00876,,,,
2022-09-09T23:01:46+00:00,1471,,19.95942,,,,
2022-09-09T23:02:05+00:00,1472,,20.29426,,,,
2022-09-09T23:02:24+00:00,1473,,20.05827,,,,
2022-09-09T23:02:42+00:00,1474,,19.89870,,,,
2022-09-09T23:03:01+00:00,1475,,19.98931,,,,
2022-09-09T23:03:19+00:00,1476,,19.87517,,,,
2022-09-09T23:03:38+00:00,1477,,19.89151,,,,
2022-09-09T23:03:57+00:00,1478,,20.03548,,,,
2022-09-09T23:04:16+00:00,1479,,19.99633,,,,
2022-09-09T23:04:34+00:00,1480,,19.93365,,,,
2022-09-09T23:04:52+00:00,1481,,19.88561,,,,
2022-09-09T23:05:11+00:00,1482,,20.07518,,,,
2022-09-09T23:05:30+00:00,1483,,19.85512,,,,
2022-09-09T23:05:49+00:00,1484,,19.91658,,,,
2022-09-09T23:06:07+00:00,1485,,19.79917,,,,
2022-09-09T23:06:26+00:00,1486,,19.90779,,,,
2022-09-09T23:06:45+00:00,1487,,20.00908,,,,
2022-09-09T23:07:04+00:00,1488,,19.90931,,,,
2022-09-09T23:07:23+00:00,1489,,20.01188,,,,
2022-09-09T23:07:42+00:00,1490,,19.89441,,,,
2022-09-09T23:08:00+00:00,1491,,19.86795,,,,
2022-09-09T23:08:19+00:00,1492,,20.01806,,,,
2022-09-09T23:08:38+00:00,1493,,19.92789,,,,
2022-09-09T23:08:57+00:00,1494,,20.04843,,,,
2022-09-09T23:09:15+00:00,1495,,20.07298,,,,
2022-09-09T23:09:35+00:00,1496,,20.03105,,,,
2022-09-09T23:09:54+00:00,1497,,20.03069,,,,
2022-09-09T23:10:12+00:00,1498,,19.95300,,,,
2022-09-09T23:10:31+00:00,1499,,20.09537,,,,
2022-09-09T23:10:50+00:00,1500,,19.86856,,,,
2022-09-09T23:11:09+00:00,1501,,19.95330,,,,
2022-09-09T23:11:28+00:00,1502,,19.82749,,,,
2022-09-09T23:11:47+00:00,1503,,19.80082,,,,
2022-09-09T23:12:06+00:00,1504,,19.86830,,,,
2022-09-09T23:12:25+00:00,1505,,19.93620,,,,
2022-09-09T23:12:43+00:00,1506,,19.90470,,,,
2022-09-09T23:13:01+00:00,1507,,20.03468,,,,
2022-09-09T23:13:20+00:00,1508,,20.00047,,,,
2022-09-09T23:13:39+00:00,1509,,20.11846,,,,
2022-09-09T23:13:57+00:00,1510,,19.98586,,,,
2022-09-09T23:14:16+00:00,1511,,20.07689,,,,
2022-09-09T23:14:35+00:00,1512,,19.85891,,,,
2022-09-09T23:14:54+00:00,1513,,19.94547,,,,
2022-09-09T23:15:12+00:00,1514,,20.17285,,,,
2022-09-09T23:15:31+00:00,1515,,19.98305,,,,
2022-09-09T23:15:48+00:00,1516,,20.03618,,,,
2022-09-09T23:16:07+00:00,1517,,20.37387,,,,
2022-09-09T23:16:26+00:00,1518,,20.22095,,,,
2022-09-09T23:16:45+00:00,1519,,20.36421,,,,
2022-09-09T23:17:03+00:00,1520,,19.98300,,,,
2022-09-09T23:17:20+00:00,1521,,19.98440,,,,
2022-09-09T23:17:39+00:00,1522,,20.01475,,,,
2022-09-09T23:17:58+00:00,1523,,20.18477,,,,
2022-09-09T23:18:16+00:00,1524,,20.17697,,,,
2022-09-09T23:18:34+00:00,1525,,20.19557,,,,
2022-09-09T23:18:53+00:00,1526,,20.14684,,,,
2022-09-09T23:19:11+00:00,1527,,20.51645,,,,
2022-09-09T23:19:30+00:00,1528,,20.22117,,,,
2022-09-09T23:19:48+00:00,1529,,19.86523,,,,
2022-09-09T23:20:06+00:00,1530,,19.96839,,,,
2022-09-09T23:20:25+00:00,1531,,20.01500,,,,
2022-09-09T23:20:44+00:00,1532,,20.00759,,,,
2022-09-09T23:21:02+00:00,1533,,20.15126,,,,
2022-09-09T23:21:20+00:00,1534,,19.96513,,,,
2022-09-09T23:21:39+00:00,1535,,20.01061,,,,
2022-09-09T23:21:58+00:00,1536,,20.07342,,,,
2022-09-09T23:22:16+00:00,1537,,20.08941,,,,
2022-09-09T23:22:35+00:00,1538,,20.02521,,,,
2022-09-09T23:22:53+00:00,1539,,19.98254,,,,
2022-09-09T23:23:12+00:00,1540,,19.99334,,,,
2022-09-09T23:23:30+00:00,1541,,19.96947,,,,
2022-09-09T23:23:49+00:00,1542,,20.03621,,,,
2022-09-09T23:24:07+00:00,1543,,20.04551,,,,
2022-09-09T23:24:26+00:00,1544,,20.05646,,,,
2022-09-09T23:24:45+00:00,1545,,20.04792,,,,
2022-09-09T23:25:04+00:00,1546,,20.46366,,,,
2022-09-09T23:25:23+00:00,1547,,20.13157,,,,
2022-09-09T23:25:42+00:00,1548,,20.36231,,,,
2022-09-09T23:26:01+00:00,1549,,20.37641,,,,
2022-09-09T23:26:16+00:00,1550,,21.50416,,,,
2022-09-09T23:26:34+00:00,1551,,20.27089,,,,
2022-09-09T23:26:53+00:00,1552,,20.14915,,,,
2022-09-09T23:27:11+00:00,1553,,20.14864,,,,
2022-09-09T23:27:29+00:00,1554,,20.11082,,,,
2022-09-09T23:27:48+00:00,1555,,20.08210,,,,
2022-09-09T23:28:07+00:00,1556,,20.18299,,,,
2022-09-09T23:28:25+00:00,1557,,20.15637,,,,
2022-09-09T23:28:44+00:00,1558,,20.23309,,,,
2022-09-09T23:29:03+00:00,1559,,20.07107,,,,
2022-09-09T23:29:21+00:00,1560,,20.07135,,,,
2022-09-09T23:29:40+00:00,1561,,20.09724,,,,
2022-09-09T23:29:59+00:00,1562,,20.11194,,,,
2022-09-09T23:30:18+00:00,1563,,20.36478,,,,
2022-09-09T23:30:36+00:00,1564,,20.13774,,,,
2022-09-09T23:30:55+00:00,1565,,20.51020,,,,
2022-09-09T23:31:17+00:00,1566,,21.81821,,,,
2022-09-09T23:31:36+00:00,1567,,20.14738,,,,
2022-09-09T23:31:55+00:00,1568,,20.29776,,,,
2022-09-09T23:32:13+00:00,1569,,20.20251,,,,
2022-09-09T23:32:33+00:00,1570,,20.22577,,,,
2022-09-09T23:32:52+00:00,1571,,20.17420,,,,
2022-09-09T23:33:11+00:00,1572,,20.22237,,,,
2022-09-09T23:33:30+00:00,1573,,20.13636,,,,
2022-09-09T23:33:49+00:00,1574,,20.13638,,,,
2022-09-09T23:34:08+00:00,1575,,20.13540,,,,
2022-09-09T23:34:27+00:00,1576,,20.14109,,,,
2022-09-09T23:34:46+00:00,1577,,20.15041,,,,
2022-09-09T23:35:04+00:00,1578,,20.08408,,,,
2022-09-09T23:35:23+00:00,1579,,20.01665,,,,
2022-09-09T23:35:42+00:00,1580,,20.07788,,,,
2022-09-09T23:36:00+00:00,1581,,20.11706,,,,
2022-09-09T23:36:20+00:00,1582,,20.03970,,,,
2022-09-09T23:36:38+00:00,1583,,20.03828,,,,
2022-09-09T23:36:57+00:00,1584,,20.07003,,,,
2022-09-09T23:37:16+00:00,1585,,20.14983,,,,
2022-09-09T23:37:34+00:00,1586,,20.09377,,,,
2022-09-09T23:37:53+00:00,1587,,20.06490,,,,
2022-09-09T23:38:11+00:00,1588,,19.98334,,,,
2022-09-09T23:38:31+00:00,1589,,19.97320,,,,
2022-09-09T23:38:50+00:00,1590,,19.85491,,,,
2022-09-09T23:39:09+00:00,1591,,19.90294,,,,
2022-09-09T23:39:28+00:00,1592,,20.00065,,,,
2022-09-09T23:39:47+00:00,1593,,19.99141,,,,
2022-09-09T23:40:05+00:00,1594,,20.27051,,,,
2022-09-09T23:40:24+00:00,1595,,19.95968,,,,
2022-09-09T23:40:42+00:00,1596,,20.12468,,,,
2022-09-09T23:41:01+00:00,1597,,20.06285,,,,
2022-09-09T23:41:19+00:00,1598,,20.15022,,,,
2022-09-09T23:41:38+00:00,1599,,20.14599,,,,
2022-09-09T23:41:56+00:00,1600,,20.16577,,,,
2022-09-09T23:42:15+00:00,1601,,20.05231,,,,
2022-09-09T23:42:33+00:00,1602,,20.07541,,,,
2022-09-09T23:42:52+00:00,1603,,20.07902,,,,
2022-09-09T23:43:11+00:00,1604,,20.06483,,,,
2022-09-09T23:43:29+00:00,1605,,20.05897,,,,
2022-09-09T23:43:48+00:00,1606,,20.30052,,,,
2022-09-09T23:44:07+00:00,1607,,19.99328,,,,
2022-09-09T23:44:25+00:00,1608,,20.17746,,,,
2022-09-09T23:44:43+00:00,1609,,19.99785,,,,
2022-09-09T23:45:02+00:00,1610,,20.04219,,,,
2022-09-09T23:45:20+00:00,1611,,19.98492,,,,
2022-09-09T23:45:39+00:00,1612,,20.05169,,,,
2022-09-09T23:45:57+00:00,1613,,20.07984,,,,
2022-09-09T23:46:16+00:00,1614,,20.12325,,,,
2022-09-09T23:46:35+00:00,1615,,20.14173,,,,
2022-09-09T23:46:53+00:00,1616,,19.93383,,,,
2022-09-09T23:47:12+00:00,1617,,20.20676,,,,
2022-09-09T23:47:31+00:00,1618,,20.19443,,,,
2022-09-09T23:47:49+00:00,1619,,19.99242,,,,
2022-09-09T23:48:08+00:00,1620,,20.04460,,,,
2022-09-09T23:48:26+00:00,1621,,20.15419,,,,
2022-09-09T23:48:44+00:00,1622,,20.03186,,,,
2022-09-09T23:49:03+00:00,1623,,19.93394,,,,
2022-09-09T23:49:21+00:00,1624,,20.21452,,,,
2022-09-09T23:49:39+00:00,1625,,20.07787,,,,
2022-09-09T23:49:58+00:00,1626,,20.17407,,,,
2022-09-09T23:50:17+00:00,1627,,20.09593,,,,
2022-09-09T23:50:36+00:00,1628,,20.00435,,,,
2022-09-09T23:50:55+00:00,1629,,20.07028,,,,
2022-09-09T23:51:14+00:00,1630,,20.07978,,,,
2022-09-09T23:51:33+00:00,1631,,20.03221,,,,
2022-09-09T23:51:51+00:00,1632,,19.97512,,,,
2022-09-09T23:52:10+00:00,1633,,20.04545,,,,
2022-09-09T23:52:28+00:00,1634,,20.04905,,,,
2022-09-09T23:52:47+00:00,1635,,19.97876,,,,
2022-09-09T23:53:06+00:00,1636,,20.14814,,,,
2022-09-09T23:53:24+00:00,1637,,20.00320,,,,
2022-09-09T23:53:43+00:00,1638,,20.01879,,,,
2022-09-09T23:54:01+00:00,1639,,20.30874,,,,
2022-09-09T23:54:20+00:00,1640,,20.06155,,,,
2022-09-09T23:54:39+00:00,1641,,20.06190,,,,
2022-09-09T23:54:57+00:00,1642,,20.01404,,,,
2022-09-09T23:55:15+00:00,1643,,19.90655,,,,
2022-09-09T23:55:34+00:00,1644,,20.01477,,,,
2022-09-09T23:55:52+00:00,1645,,20.17586,,,,
2022-09-09T23:56:11+00:00,1646,,20.17954,,,,
2022-09-09T23:56:30+00:00,1647,,20.12671,,,,
2022-09-09T23:56:49+00:00,1648,,20.04033,,,,
2022-09-09T23:57:07+00:00,1649,,20.25817,,,,
2022-09-09T23:57:25+00:00,1650,,20.05814,,,,
2022-09-09T23:57:44+00:00,1651,,20.06682,,,,
2022-09-09T23:58:03+00:00,1652,,20.12216,,,,
2022-09-09T23:58:22+00:00,1653,,20.06838,,,,
2022-09-09T23:58:40+00:00,1654,,20.06061,,,,
2022-09-09T23:58:59+00:00,1655,,20.38767,,,,
2022-09-09T23:59:18+00:00,1656,,20.01899,,,,
2022-09-09T23:59:36+00:00,1657,,20.06928,,,,
2022-09-09T23:59:55+00:00,1658,,20.28847,,,,
2022-09-10T00:00:13+00:00,1659,,20.07104,,,,
2022-09-10T00:00:31+00:00,1660,,20.09453,,,,
2022-09-10T00:00:50+00:00,1661,,20.05971,,,,
2022-09-10T00:01:09+00:00,1662,,20.08784,,,,
2022-09-10T00:01:27+00:00,1663,,20.09763,,,,
2022-09-10T00:01:46+00:00,1664,,19.87467,,,,
2022-09-10T00:02:04+00:00,1665,,19.85948,,,,
2022-09-10T00:02:23+00:00,1666,,19.83535,,,,
2022-09-10T00:02:41+00:00,1667,,19.98235,,,,
2022-09-10T00:03:00+00:00,1668,,20.00299,,,,
2022-09-10T00:03:18+00:00,1669,,20.08410,,,,
2022-09-10T00:03:36+00:00,1670,,20.11525,,,,
2022-09-10T00:03:54+00:00,1671,,20.00728,,,,
2022-09-10T00:04:13+00:00,1672,,20.07023,,,,
2022-09-10T00:04:32+00:00,1673,,19.96500,,,,
2022-09-10T00:04:50+00:00,1674,,20.02614,,,,
2022-09-10T00:05:08+00:00,1675,,19.93833,,,,
2022-09-10T00:05:26+00:00,1676,,20.07596,,,,
2022-09-10T00:05:44+00:00,1677,,20.05306,,,,
2022-09-10T00:06:03+00:00,1678,,20.04691,,,,
2022-09-10T00:06:21+00:00,1679,,20.13513,,,,
2022-09-10T00:06:39+00:00,1680,,20.60708,,,,
2022-09-10T00:06:58+00:00,1681,,20.10574,,,,
2022-09-10T00:07:16+00:00,1682,,19.92647,,,,
2022-09-10T00:07:35+00:00,1683,,20.07177,,,,
2022-09-10T00:07:54+00:00,1684,,20.04111,,,,
2022-09-10T00:08:12+00:00,1685,,20.05541,,,,
2022-09-10T00:08:31+00:00,1686,,20.23251,,,,
2022-09-10T00:08:50+00:00,1687,,19.92357,,,,
2022-09-10T00:09:09+00:00,1688,,19.96085,,,,
2022-09-10T00:09:27+00:00,1689,,19.95050,,,,
2022-09-10T00:09:46+00:00,1690,,19.98926,,,,
2022-09-10T00:10:04+00:00,1691,,19.90077,,,,
2022-09-10T00:10:23+00:00,1692,,20.03404,,,,
2022-09-10T00:10:42+00:00,1693,,19.93492,,,,
2022-09-10T00:11:00+00:00,1694,,19.85467,,,,
2022-09-10T00:11:18+00:00,1695,,19.93851,,,,
2022-09-10T00:11:37+00:00,1696,,20.10371,,,,
2022-09-10T00:11:55+00:00,1697,,20.06980,,,,
2022-09-10T00:12:13+00:00,1698,,20.06811,,,,
2022-09-10T00:12:33+00:00,1699,,20.07943,,,,
2022-09-10T00:12:51+00:00,1700,,20.07820,,,,
2022-09-10T00:13:10+00:00,1701,,20.18345,,,,
2022-09-10T00:13:29+00:00,1702,,20.01431,,,,
2022-09-10T00:13:47+00:00,1703,,20.04828,,,,
2022-09-10T00:14:06+00:00,1704,,20.25471,,,,
2022-09-10T00:14:24+00:00,1705,,20.17774,,,,
2022-09-10T00:14:43+00:00,1706,,20.12341,,,,
2022-09-10T00:15:01+00:00,1707,,20.15518,,,,
2022-09-10T00:15:20+00:00,1708,,19.99221,,,,
2022-09-10T00:15:39+00:00,1709,,19.93830,,,,
2022-09-10T00:15:57+00:00,1710,,20.01703,,,,
2022-09-10T00:16:16+00:00,1711,,20.01633,,,,
2022-09-10T00:16:35+00:00,1712,,20.00738,,,,
2022-09-10T00:16:54+00:00,1713,,20.19415,,,,
2022-09-10T00:17:12+00:00,1714,,20.01925,,,,
2022-09-10T00:17:31+00:00,1715,,19.94641,,,,
2022-09-10T00:17:50+00:00,1716,,19.97896,,,,
2022-09-10T00:18:09+00:00,1717,,19.94739,,,,
2022-09-10T00:18:28+00:00,1718,,19.92210,,,,
2022-09-10T00:18:47+00:00,1719,,19.99541,,,,
2022-09-10T00:19:05+00:00,1720,,20.03761,,,,
2022-09-10T00:19:24+00:00,1721,,19.92167,,,,
2022-09-10T00:19:42+00:00,1722,,20.08100,,,,
2022-09-10T00:20:00+00:00,1723,,19.98323,,,,
2022-09-10T00:20:19+00:00,1724,,20.23099,,,,
2022-09-10T00:20:38+00:00,1725,,20.32744,,,,
2022-09-10T00:20:57+00:00,1726,,20.13453,,,,
2022-09-10T00:21:15+00:00,1727,,20.06250,,,,
2022-09-10T00:21:34+00:00,1728,,19.86924,,,,
2022-09-10T00:21:52+00:00,1729,,19.90174,,,,
2022-09-10T00:22:11+00:00,1730,,19.98698,,,,
2022-09-10T00:22:30+00:00,1731,,20.20694,,,,
2022-09-10T00:22:49+00:00,1732,,20.16582,,,,
2022-09-10T00:23:07+00:00,1733,,20.08583,,,,
2022-09-10T00:23:26+00:00,1734,,20.30520,,,,
2022-09-10T00:23:46+00:00,1735,,19.96738,,,,
2022-09-10T00:24:05+00:00,1736,,20.05505,,,,
2022-09-10T00:24:23+00:00,1737,,19.82398,,,,
2022-09-10T00:24:42+00:00,1738,,19.96144,,,,
2022-09-10T00:25:01+00:00,1739,,19.94007,,,,
2022-09-10T00:25:19+00:00,1740,,20.40053,,,,
2022-09-10T00:25:38+00:00,1741,,19.94560,,,,
2022-09-10T00:25:57+00:00,1742,,20.03952,,,,
2022-09-10T00:26:15+00:00,1743,,19.98695,,,,
2022-09-10T00:26:33+00:00,1744,,20.00245,,,,
2022-09-10T00:26:52+00:00,1745,,19.97944,,,,
2022-09-10T00:27:11+00:00,1746,,20.06559,,,,
2022-09-10T00:27:29+00:00,1747,,20.04508,,,,
2022-09-10T00:27:48+00:00,1748,,20.02519,,,,
2022-09-10T00:28:07+00:00,1749,,19.96301,,,,
2022-09-10T00:28:26+00:00,1750,,20.04318,,,,
2022-09-10T00:28:45+00:00,1751,,20.07921,,,,
2022-09-10T00:29:02+00:00,1752,,19.97924,,,,
2022-09-10T00:29:21+00:00,1753,,19.96529,,,,
2022-09-10T00:29:40+00:00,1754,,20.00686,,,,
2022-09-10T00:29:59+00:00,1755,,20.08613,,,,
2022-09-10T00:30:17+00:00,1756,,20.05706,,,,
2022-09-10T00:30:36+00:00,1757,,20.07500,,,,
2022-09-10T00:30:54+00:00,1758,,20.31784,,,,
2022-09-10T00:31:12+00:00,1759,,20.11866,,,,
2022-09-10T00:31:31+00:00,1760,,20.20128,,,,
2022-09-10T00:31:49+00:00,1761,,20.13451,,,,
2022-09-10T00:32:08+00:00,1762,,20.07177,,,,
2022-09-10T00:32:26+00:00,1763,,20.09122,,,,
2022-09-10T00:32:45+00:00,1764,,20.09862,,,,
2022-09-10T00:33:04+00:00,1765,,20.25701,,,,
2022-09-10T00:33:23+00:00,1766,,20.17044,,,,
2022-09-10T00:33:41+00:00,1767,,20.09782,,,,
2022-09-10T00:34:01+00:00,1768,,20.13852,,,,
2022-09-10T00:34:19+00:00,1769,,20.17375,,,,
2022-09-10T00:34:37+00:00,1770,,20.09608,,,,
2022-09-10T00:34:56+00:00,1771,,20.30194,,,,
2022-09-10T00:35:14+00:00,1772,,20.17921,,,,
2022-09-10T00:35:32+00:00,1773,,20.15727,,,,
2022-09-10T00:35:52+00:00,1774,,20.21864,,,,
2022-09-10T00:36:10+00:00,1775,,20.07757,,,,
2022-09-10T00:36:28+00:00,1776,,20.33382,,,,
2022-09-10T00:36:47+00:00,1777,,20.03219,,,,
2022-09-10T00:37:05+00:00,1778,,20.46885,,,,
2022-09-10T00:37:24+00:00,1779,,20.10477,,,,
2022-09-10T00:37:43+00:00,1780,,20.06846,,,,
2022-09-10T00:38:02+00:00,1781,,20.24866,,,,
2022-09-10T00:38:20+00:00,1782,,20.09862,,,,
2022-09-10T00:38:39+00:00,1783,,20.06186,,,,
2022-09-10T00:38:58+00:00,1784,,20.14142,,,,
2022-09-10T00:39:17+00:00,1785,,20.20987,,,,
2022-09-10T00:39:35+00:00,1786,,20.15879,,,,
2022-09-10T00:39:54+00:00,1787,,20.27902,,,,
2022-09-10T00:40:12+00:00,1788,,20.13881,,,,
2022-09-10T00:40:30+00:00,1789,,20.06046,,,,
2022-09-10T00:40:48+00:00,1790,,20.05343,,,,
2022-09-10T00:41:07+00:00,1791,,19.95562,,,,
2022-09-10T00:41:26+00:00,1792,,20.08165,,,,
2022-09-10T00:41:44+00:00,1793,,20.10606,,,,
2022-09-10T00:42:02+00:00,1794,,20.03353,,,,
2022-09-10T00:42:21+00:00,1795,,20.15032,,,,
2022-09-10T00:42:40+00:00,1796,,20.10199,,,,
2022-09-10T00:42:58+00:00,1797,,20.10755,,,,
2022-09-10T00:43:16+00:00,1798,,20.08438,,,,
2022-09-10T00:43:35+00:00,1799,,20.02033,,,,
2022-09-10T00:43:53+00:00,1800,,20.04974,,,,
2022-09-10T00:44:13+00:00,1801,,20.05400,,,,
2022-09-10T00:44:32+00:00,1802,,19.91896,,,,
2022-09-10T00:44:51+00:00,1803,,19.95934,,,,
2022-09-10T00:45:10+00:00,1804,,20.07629,,,,
2022-09-10T00:45:28+00:00,1805,,20.02030,,,,
2022-09-10T00:45:46+00:00,1806,,19.86624,,,,
2022-09-10T00:46:06+00:00,1807,,20.15006,,,,
2022-09-10T00:46:25+00:00,1808,,19.97281,,,,
2022-09-10T00:46:44+00:00,1809,,19.96800,,,,
2022-09-10T00:47:03+00:00,1810,,19.98974,,,,
2022-09-10T00:47:21+00:00,1811,,19.95851,,,,
2022-09-10T00:47:39+00:00,1812,,19.92506,,,,
2022-09-10T00:47:57+00:00,1813,,20.05115,,,,
2022-09-10T00:48:16+00:00,1814,,19.97133,,,,
2022-09-10T00:48:35+00:00,1815,,20.02382,,,,
2022-09-10T00:48:54+00:00,1816,,20.04635,,,,
2022-09-10T00:49:12+00:00,1817,,20.05903,,,,
2022-09-10T00:49:30+00:00,1818,,19.93533,,,,
2022-09-10T00:49:48+00:00,1819,,20.05176,,,,
2022-09-10T00:50:07+00:00,1820,,21.39733,,,,
2022-09-10T00:50:26+00:00,1821,,20.05824,,,,
2022-09-10T00:50:45+00:00,1822,,20.04767,,,,
2022-09-10T00:51:04+00:00,1823,,20.35158,,,,
2022-09-10T00:51:23+00:00,1824,,20.01978,,,,
2022-09-10T00:51:41+00:00,1825,,20.07527,,,,
2022-09-10T00:52:00+00:00,1826,,20.21660,,,,
2022-09-10T00:52:18+00:00,1827,,20.02603,,,,
2022-09-10T00:52:36+00:00,1828,,20.10412,,,,
2022-09-10T00:52:54+00:00,1829,,20.21423,,,,
2022-09-10T00:53:13+00:00,1830,,20.01778,,,,
2022-09-10T00:53:33+00:00,1831,,20.01749,,,,
2022-09-10T00:53:52+00:00,1832,,19.94457,,,,
2022-09-10T00:54:11+00:00,1833,,20.09692,,,,
2022-09-10T00:54:29+00:00,1834,,20.41938,,,,
2022-09-10T00:54:48+00:00,1835,,20.04656,,,,
2022-09-10T00:55:07+00:00,1836,,20.07923,,,,
2022-09-10T00:55:26+00:00,1837,,20.07030,,,,
2022-09-10T00:55:44+00:00,1838,,19.92726,,,,
2022-09-10T00:56:03+00:00,1839,,19.99070,,,,
2022-09-10T00:56:22+00:00,1840,,19.92203,,,,
2022-09-10T00:56:40+00:00,1841,,19.90332,,,,
2022-09-10T00:56:59+00:00,1842,,19.90385,,,,
2022-09-10T00:57:17+00:00,1843,,19.90691,,,,
2022-09-10T00:57:36+00:00,1844,,19.96594,,,,
2022-09-10T00:57:54+00:00,1845,,19.96112,,,,
2022-09-10T00:58:12+00:00,1846,,20.00360,,,,
2022-09-10T00:58:30+00:00,1847,,19.91774,,,,
2022-09-10T00:58:48+00:00,1848,,20.21644,,,,
2022-09-10T00:59:07+00:00,1849,,20.04824,,,,
2022-09-10T00:59:25+00:00,1850,,19.93865,,,,
2022-09-10T00:59:44+00:00,1851,,20.00715,,,,
2022-09-10T01:00:04+00:00,1852,,20.01817,,,,
2022-09-10T01:00:22+00:00,1853,,20.29214,,,,
2022-09-10T01:00:41+00:00,1854,,20.22911,,,,
2022-09-10T01:00:59+00:00,1855,,20.07576,,,,
2022-09-10T01:01:17+00:00,1856,,20.58017,,,,
2022-09-10T01:01:36+00:00,1857,,20.13607,,,,
2022-09-10T01:01:54+00:00,1858,,20.14783,,,,
2022-09-10T01:02:12+00:00,1859,,20.09440,,,,
2022-09-10T01:02:30+00:00,1860,,20.10325,,,,
2022-09-10T01:02:49+00:00,1861,,20.00405,,,,
2022-09-10T01:03:08+00:00,1862,,20.03119,,,,
2022-09-10T01:03:26+00:00,1863,,20.03338,,,,
2022-09-10T01:03:45+00:00,1864,,19.94212,,,,
2022-09-10T01:04:04+00:00,1865,,20.10967,,,,
2022-09-10T01:04:22+00:00,1866,,20.00713,,,,
2022-09-10T01:04:41+00:00,1867,,19.93292,,,,
2022-09-10T01:04:59+00:00,1868,,19.91888,,,,
2022-09-10T01:05:18+00:00,1869,,20.32694,,,,
2022-09-10T01:05:36+00:00,1870,,20.20640,,,,
2022-09-10T01:05:55+00:00,1871,,20.09830,,,,
2022-09-10T01:06:14+00:00,1872,,19.87432,,,,
2022-09-10T01:06:32+00:00,1873,,20.17071,,,,
2022-09-10T01:06:51+00:00,1874,,19.88553,,,,
2022-09-10T01:07:11+00:00,1875,,19.92971,,,,
2022-09-10T01:07:29+00:00,1876,,20.02941,,,,
2022-09-10T01:07:48+00:00,1877,,19.95613,,,,
2022-09-10T01:08:07+00:00,1878,,19.94629,,,,
2022-09-10T01:08:26+00:00,1879,,20.08741,,,,
2022-09-10T01:08:44+00:00,1880,,19.96823,,,,
2022-09-10T01:09:03+00:00,1881,,20.01878,,,,
2022-09-10T01:09:21+00:00,1882,,19.90542,,,,
2022-09-10T01:09:40+00:00,1883,,19.93665,,,,
2022-09-10T01:09:58+00:00,1884,,20.07692,,,,
2022-09-10T01:10:17+00:00,1885,,20.04956,,,,
2022-09-10T01:10:36+00:00,1886,,20.04746,,,,
2022-09-10T01:10:54+00:00,1887,,20.04224,,,,
2022-09-10T01:11:13+00:00,1888,,20.05759,,,,
2022-09-10T01:11:31+00:00,1889,,20.07625,,,,
2022-09-10T01:11:50+00:00,1890,,20.01769,,,,
2022-09-10T01:12:08+00:00,1891,,20.12803,,,,
2022-09-10T01:12:26+00:00,1892,,20.00223,,,,
2022-09-10T01:12:45+00:00,1893,,20.02327,,,,
2022-09-10T01:13:03+00:00,1894,,20.02183,,,,
2022-09-10T01:13:22+00:00,1895,,20.00649,,,,
2022-09-10T01:13:40+00:00,1896,,19.98118,,,,
2022-09-10T01:13:58+00:00,1897,,20.25435,,,,
2022-09-10T01:14:17+00:00,1898,,20.10732,,,,
2022-09-10T01:14:36+00:00,1899,,19.92838,,,,
2022-09-10T01:14:54+00:00,1900,,19.90928,,,,
2022-09-10T01:15:13+00:00,1901,,20.20106,,,,
2022-09-10T01:15:31+00:00,1902,,20.01778,,,,
2022-09-10T01:15:50+00:00,1903,,19.90552,,,,
2022-09-10T01:16:08+00:00,1904,,20.09535,,,,
2022-09-10T01:16:27+00:00,1905,,20.13048,,,,
2022-09-10T01:16:46+00:00,1906,,20.05804,,,,
2022-09-10T01:17:04+00:00,1907,,20.02116,,,,
2022-09-10T01:17:24+00:00,1908,,20.03457,,,,
2022-09-10T01:17:43+00:00,1909,,19.96725,,,,
2022-09-10T01:18:01+00:00,1910,,19.99386,,,,
2022-09-10T01:18:20+00:00,1911,,20.05173,,,,
2022-09-10T01:18:39+00:00,1912,,20.02185,,,,
2022-09-10T01:18:57+00:00,1913,,20.00161,,,,
2022-09-10T01:19:16+00:00,1914,,19.93658,,,,
2022-09-10T01:19:35+00:00,1915,,20.01645,,,,
2022-09-10T01:19:54+00:00,1916,,19.87209,,,,
2022-09-10T01:20:12+00:00,1917,,20.02379,,,,
2022-09-10T01:20:31+00:00,1918,,20.05855,,,,
2022-09-10T01:20:49+00:00,1919,,20.04023,,,,
2022-09-10T01:21:07+00:00,1920,,20.10015,,,,
2022-09-10T01:21:26+00:00,1921,,19.91404,,,,
2022-09-10T01:21:45+00:00,1922,,20.20426,,,,
2022-09-10T01:22:03+00:00,1923,,20.01668,,,,
2022-09-10T01:22:22+00:00,1924,,20.20512,,,,
2022-09-10T01:22:41+00:00,1925,,20.16635,,,,
2022-09-10T01:22:59+00:00,1926,,20.31394,,,,
2022-09-10T01:23:17+00:00,1927,,20.07413,,,,
2022-09-10T01:23:35+00:00,1928,,20.07598,,,,
2022-09-10T01:23:53+00:00,1929,,20.03753,,,,
2022-09-10T01:24:11+00:00,1930,,20.06554,,,,
2022-09-10T01:24:30+00:00,1931,,20.09546,,,,
2022-09-10T01:24:48+00:00,1932,,20.13602,,,,
2022-09-10T01:25:06+00:00,1933,,20.24643,,,,
2022-09-10T01:25:24+00:00,1934,,20.07944,,,,
2022-09-10T01:25:42+00:00,1935,,19.93691,,,,
2022-09-10T01:26:00+00:00,1936,,20.07618,,,,
2022-09-10T01:26:18+00:00,1937,,20.06058,,,,
2022-09-10T01:26:36+00:00,1938,,20.02372,,,,
2022-09-10T01:26:55+00:00,1939,,20.00253,,,,
2022-09-10T01:27:12+00:00,1940,,19.89567,,,,
2022-09-10T01:27:30+00:00,1941,,20.01346,,,,
2022-09-10T01:27:48+00:00,1942,,19.93869,,,,
2022-09-10T01:28:06+00:00,1943,,20.19125,,,,
2022-09-10T01:28:24+00:00,1944,,20.11075,,,,
2022-09-10T01:28:42+00:00,1945,,20.16564,,,,
2022-09-10T01:29:00+00:00,1946,,20.04281,,,,
2022-09-10T01:29:18+00:00,1947,,20.10006,,,,
2022-09-10T01:29:36+00:00,1948,,20.03437,,,,
2022-09-10T01:29:54+00:00,1949,,19.94809,,,,
2022-09-10T01:30:12+00:00,1950,,20.02468,,,,
2022-09-10T01:30:31+00:00,1951,,20.09015,,,,
2022-09-10T01:30:49+00:00,1952,,19.93381,,,,
2022-09-10T01:31:07+00:00,1953,,20.24331,,,,
2022-09-10T01:31:25+00:00,1954,,20.14191,,,,
2022-09-10T01:31:43+00:00,1955,,19.95077,,,,
2022-09-10T01:32:01+00:00,1956,,20.01943,,,,
2022-09-10T01:32:19+00:00,1957,,20.07243,,,,
2022-09-10T01:32:38+00:00,1958,,20.10506,,,,
2022-09-10T01:32:56+00:00,1959,,20.01322,,,,
2022-09-10T01:33:15+00:00,1960,,20.08201,,,,
2022-09-10T01:33:33+00:00,1961,,20.05253,,,,
2022-09-10T01:33:52+00:00,1962,,20.10015,,,,
2022-09-10T01:34:10+00:00,1963,,20.36438,,,,
2022-09-10T01:34:28+00:00,1964,,19.92198,,,,
2022-09-10T01:34:46+00:00,1965,,20.55430,,,,
2022-09-10T01:35:04+00:00,1966,,19.95962,,,,
2022-09-10T01:35:22+00:00,1967,,19.90655,,,,
2022-09-10T01:35:40+00:00,1968,,20.11797,,,,
2022-09-10T01:35:58+00:00,1969,,19.89925,,,,
2022-09-10T01:36:17+00:00,1970,,19.93932,,,,
2022-09-10T01:36:34+00:00,1971,,20.00436,,,,
2022-09-10T01:36:53+00:00,1972,,19.85505,,,,
2022-09-10T01:37:12+00:00,1973,,19.81140,,,,
2022-09-10T01:37:31+00:00,1974,,19.90350,,,,
2022-09-10T01:37:49+00:00,1975,,19.85142,,,,
2022-09-10T01:38:07+00:00,1976,,20.20473,,,,
2022-09-10T01:38:25+00:00,1977,,19.94615,,,,
2022-09-10T01:38:44+00:00,1978,,19.89981,,,,
2022-09-10T01:39:02+00:00,1979,,19.91611,,,,
2022-09-10T01:39:20+00:00,1980,,20.03108,,,,
2022-09-10T01:39:39+00:00,1981,,20.26808,,,,
2022-09-10T01:39:56+00:00,1982,,19.98617,,,,
2022-09-10T01:40:14+00:00,1983,,19.89701,,,,
2022-09-10T01:40:32+00:00,1984,,19.97309,,,,
2022-09-10T01:40:51+00:00,1985,,20.08591,,,,
2022-09-10T01:41:09+00:00,1986,,20.05346,,,,
2022-09-10T01:41:27+00:00,1987,,20.20610,,,,
2022-09-10T01:41:46+00:00,1988,,20.19918,,,,
2022-09-10T01:42:04+00:00,1989,,20.19608,,,,
2022-09-10T01:42:21+00:00,1990,,20.13630,,,,
2022-09-10T01:42:40+00:00,1991,,20.02486,,,,
2022-09-10T01:42:58+00:00,1992,,20.10098,,,,
2022-09-10T01:43:16+00:00,1993,,20.34278,,,,
2022-09-10T01:43:34+00:00,1994,,20.15109,,,,
2022-09-10T01:43:53+00:00,1995,,20.14793,,,,
2022-09-10T01:44:11+00:00,1996,,20.24608,,,,
2022-09-10T01:44:29+00:00,1997,,20.18974,,,,
2022-09-10T01:44:49+00:00,1998,,20.18723,,,,
2022-09-10T01:45:08+00:00,1999,,21.15550,,,,
2022-09-10T01:45:26+00:00,2000,,20.43136,,,,
2022-09-10T01:45:44+00:00,2001,,20.27226,,,,
2022-09-10T01:46:06+00:00,2002,,20.41963,,,,
2022-09-10T01:46:28+00:00,2003,,21.81821,,,,
2022-09-10T01:46:46+00:00,2004,,21.81821,,,,
2022-09-10T01:47:05+00:00,2005,,21.81821,,,,
2022-09-10T01:47:25+00:00,2006,,21.81821,,,,
2022-09-10T01:47:43+00:00,2007,,21.81821,,,,
2022-09-10T01:48:01+00:00,2008,,21.81821,,,,
2022-09-10T01:48:17+00:00,2009,,21.81821,,,,
2022-09-10T01:48:35+00:00,2010,,21.81671,,,,
2022-09-10T01:48:53+00:00,2011,,21.81632,,,,
2022-09-10T01:49:11+00:00,2012,,21.81512,,,,
2022-09-10T01:49:30+00:00,2013,,21.51366,,,,
2022-09-10T01:49:48+00:00,2014,,20.46740,,,,
2022-09-10T01:50:06+00:00,2015,,20.26556,,,,
2022-09-10T01:50:24+00:00,2016,,20.26965,,,,
2022-09-10T01:50:42+00:00,2017,,20.28901,,,,
2022-09-10T01:51:01+00:00,2018,,20.32924,,,,
2022-09-10T01:51:19+00:00,2019,,20.13158,,,,
2022-09-10T01:51:37+00:00,2020,,20.14028,,,,
2022-09-10T01:51:56+00:00,2021,,20.07706,,,,
2022-09-10T01:52:13+00:00,2022,,20.03965,,,,
2022-09-10T01:52:31+00:00,2023,,20.01542,,,,
2022-09-10T01:52:49+00:00,2024,,20.04398,,,,
2022-09-10T01:53:08+00:00,2025,,20.05899,,,,
2022-09-10T01:53:26+00:00,2026,,20.03566,,,,
2022-09-10T01:53:44+00:00,2027,,20.17409,,,,
2022-09-10T01:54:02+00:00,2028,,19.93894,,,,
2022-09-10T01:54:20+00:00,2029,,20.31710,,,,
2022-09-10T01:54:38+00:00,2030,,20.09440,,,,
2022-09-10T01:54:56+00:00,2031,,20.10966,,,,
2022-09-10T01:55:14+00:00,2032,,20.38864,,,,
2022-09-10T01:55:32+00:00,2033,,20.11308,,,,
2022-09-10T01:55:50+00:00,2034,,20.11670,,,,
2022-09-10T01:56:06+00:00,2035,,21.39916,,,,
2022-09-10T01:56:26+00:00,2036,,21.81821,,,,
2022-09-10T01:56:41+00:00,2037,,21.81111,,,,
2022-09-10T01:56:59+00:00,2038,,20.78893,,,,
2022-09-10T01:57:17+00:00,2039,,20.33941,,,,
2022-09-10T01:57:35+00:00,2040,,20.23672,,,,
2022-09-10T01:57:53+00:00,2041,,20.21283,,,,
2022-09-10T01:58:11+00:00,2042,,20.20823,,,,
2022-09-10T01:58:29+00:00,2043,,20.12205,,,,
2022-09-10T01:58:47+00:00,2044,,20.07061,,,,
2022-09-10T01:59:05+00:00,2045,,20.49008,,,,
2022-09-10T01:59:23+00:00,2046,,20.27094,,,,
2022-09-10T01:59:41+00:00,2047,,19.93283,,,,
2022-09-10T01:59:59+00:00,2048,,19.98357,,,,
2022-09-10T02:00:17+00:00,2049,,20.14468,,,,
2022-09-10T02:00:35+00:00,2050,,19.99519,,,,
2022-09-10T02:00:53+00:00,2051,,20.13005,,,,
2022-09-10T02:01:16+00:00,2052,,21.81821,,,,
2022-09-10T02:01:33+00:00,2053,,21.81320,,,,
2022-09-10T02:01:51+00:00,2054,,21.24567,,,,
2022-09-10T02:02:09+00:00,2055,,20.54412,,,,
2022-09-10T02:02:28+00:00,2056,,20.48766,,,,
2022-09-10T02:02:46+00:00,2057,,20.46914,,,,
2022-09-10T02:03:04+00:00,2058,,20.15865,,,,
2022-09-10T02:03:23+00:00,2059,,20.14189,,,,
2022-09-10T02:03:41+00:00,2060,,20.16291,,,,
2022-09-10T02:03:59+00:00,2061,,20.29197,,,,
2022-09-10T02:04:17+00:00,2062,,20.16472,,,,
2022-09-10T02:04:35+00:00,2063,,20.19003,,,,
2022-09-10T02:04:53+00:00,2064,,20.15639,,,,
2022-09-10T02:05:11+00:00,2065,,20.13902,,,,
2022-09-10T02:05:29+00:00,2066,,20.17636,,,,
2022-09-10T02:05:48+00:00,2067,,20.14573,,,,
2022-09-10T02:06:06+00:00,2068,,20.35324,,,,
2022-09-10T02:06:24+00:00,2069,,20.15736,,,,
2022-09-10T02:06:42+00:00,2070,,20.13647,,,,
2022-09-10T02:07:01+00:00,2071,,20.11681,,,,
2022-09-10T02:07:18+00:00,2072,,20.18169,,,,
2022-09-10T02:07:37+00:00,2073,,20.17202,,,,
2022-09-10T02:07:55+00:00,2074,,20.26189,,,,
2022-09-10T02:08:13+00:00,2075,,20.09583,,,,
2022-09-10T02:08:31+00:00,2076,,20.16185,,,,
2022-09-10T02:08:50+00:00,2077,,20.12793,,,,
2022-09-10T02:09:08+00:00,2078,,20.19056,,,,
2022-09-10T02:09:26+00:00,2079,,20.11802,,,,
2022-09-10T02:09:44+00:00,2080,,20.10225,,,,
2022-09-10T02:10:02+00:00,2081,,20.14198,,,,
2022-09-10T02:10:20+00:00,2082,,20.15707,,,,
2022-09-10T02:10:38+00:00,2083,,20.39438,,,,
2022-09-10T02:10:56+00:00,2084,,20.10928,,,,
2022-09-10T02:11:15+00:00,2085,,20.18713,,,,
2022-09-10T02:11:33+00:00,2086,,20.23564,,,,
2022-09-10T02:11:51+00:00,2087,,20.11627,,,,
2022-09-10T02:12:09+00:00,2088,,20.14175,,,,
2022-09-10T02:12:28+00:00,2089,,20.39374,,,,
2022-09-10T02:12:46+00:00,2090,,20.14525,,,,
2022-09-10T02:13:04+00:00,2091,,19.98052,,,,
2022-09-10T02:13:22+00:00,2092,,19.95027,,,,
2022-09-10T02:13:41+00:00,2093,,20.05750,,,,
2022-09-10T02:13:58+00:00,2094,,20.20032,,,,
2022-09-10T02:14:17+00:00,2095,,20.06724,,,,
2022-09-10T02:14:36+00:00,2096,,20.01918,,,,
2022-09-10T02:14:55+00:00,2097,,20.07107,,,,
2022-09-10T02:15:13+00:00,2098,,20.07033,,,,
2022-09-10T02:15:32+00:00,2099,,19.93290,,,,
2022-09-10T02:15:50+00:00,2100,,19.90511,,,,
2022-09-10T02:16:08+00:00,2101,,19.91175,,,,
2022-09-10T02:16:28+00:00,2102,,20.00449,,,,
2022-09-10T02:16:46+00:00,2103,,20.03477,,,,
2022-09-10T02:17:04+00:00,2104,,20.14823,,,,
2022-09-10T02:17:22+00:00,2105,,20.06908,,,,
2022-09-10T02:17:41+00:00,2106,,20.08855,,,,
2022-09-10T02:17:59+00:00,2107,,20.27913,,,,
2022-09-10T02:18:17+00:00,2108,,20.05279,,,,
2022-09-10T02:18:35+00:00,2109,,20.13892,,,,
2022-09-10T02:18:52+00:00,2110,,20.35653,,,,
2022-09-10T02:19:10+00:00,2111,,20.15844,,,,
2022-09-10T02:19:29+00:00,2112,,20.12355,,,,
2022-09-10T02:19:48+00:00,2113,,20.17871,,,,
2022-09-10T02:20:06+00:00,2114,,20.30461,,,,
2022-09-10T02:20:24+00:00,2115,,20.14604,,,,
2022-09-10T02:20:43+00:00,2116,,20.15108,,,,
2022-09-10T02:21:01+00:00,2117,,20.08662,,,,
2022-09-10T02:21:19+00:00,2118,,20.22335,,,,
2022-09-10T02:21:37+00:00,2119,,20.07011,,,,
2022-09-10T02:21:55+00:00,2120,,19.94860,,,,
2022-09-10T02:22:14+00:00,2121,,20.01659,,,,
2022-09-10T02:22:32+00:00,2122,,19.96224,,,,
2022-09-10T02:22:51+00:00,2123,,19.95798,,,,
2022-09-10T02:23:09+00:00,2124,,20.02636,,,,
2022-09-10T02:23:27+00:00,2125,,19.98818,,,,
2022-09-10T02:23:45+00:00,2126,,19.91011,,,,
2022-09-10T02:24:03+00:00,2127,,20.00541,,,,
2022-09-10T02:24:21+00:00,2128,,20.05152,,,,
2022-09-10T02:24:38+00:00,2129,,20.09015,,,,
2022-09-10T02:24:56+00:00,2130,,20.13436,,,,
2022-09-10T02:25:14+00:00,2131,,20.12541,,,,
2022-09-10T02:25:32+00:00,2132,,20.18900,,,,
2022-09-10T02:25:51+00:00,2133,,20.37803,,,,
2022-09-10T02:26:09+00:00,2134,,20.14769,,,,
2022-09-10T02:26:28+00:00,2135,,20.11088,,,,
2022-09-10T02:26:46+00:00,2136,,20.47657,,,,
2022-09-10T02:27:04+00:00,2137,,20.51393,,,,
2022-09-10T02:27:23+00:00,2138,,20.16513,,,,
2022-09-10T02:27:41+00:00,2139,,20.17322,,,,
2022-09-10T02:28:00+00:00,2140,,20.22251,,,,
2022-09-10T02:28:18+00:00,2141,,20.32575,,,,
2022-09-10T02:28:36+00:00,2142,,20.43588,,,,
2022-09-10T02:28:54+00:00,2143,,20.27125,,,,
2022-09-10T02:29:13+00:00,2144,,20.11162,,,,
2022-09-10T02:29:31+00:00,2145,,20.06044,,,,
2022-09-10T02:29:50+00:00,2146,,19.94533,,,,
2022-09-10T02:30:09+00:00,2147,,20.18617,,,,
2022-09-10T02:30:27+00:00,2148,,20.12794,,,,
2022-09-10T02:30:46+00:00,2149,,20.17034,,,,
2022-09-10T02:31:04+00:00,2150,,20.17366,,,,
2022-09-10T02:31:22+00:00,2151,,20.16173,,,,
2022-09-10T02:31:41+00:00,2152,,20.34230,,,,
2022-09-10T02:31:59+00:00,2153,,20.13559,,,,
2022-09-10T02:32:16+00:00,2154,,19.99659,,,,
2022-09-10T02:32:34+00:00,2155,,20.26272,,,,
2022-09-10T02:32:52+00:00,2156,,20.27711,,,,
2022-09-10T02:33:10+00:00,2157,,20.16971,,,,
2022-09-10T02:33:28+00:00,2158,,20.12696,,,,
2022-09-10T02:33:47+00:00,2159,,20.12826,,,,
2022-09-10T02:34:05+00:00,2160,,20.07932,,,,
2022-09-10T02:34:23+00:00,2161,,20.09729,,,,
2022-09-10T02:34:41+00:00,2162,,20.17970,,,,
2022-09-10T02:35:00+00:00,2163,,20.13998,,,,
2022-09-10T02:35:18+00:00,2164,,20.08950,,,,
2022-09-10T02:35:36+00:00,2165,,20.16596,,,,
2022-09-10T02:35:54+00:00,2166,,20.17854,,,,
2022-09-10T02:36:11+00:00,2167,,20.03967,,,,
2022-09-10T02:36:29+00:00,2168,,19.97280,,,,
2022-09-10T02:36:47+00:00,2169,,19.98059,,,,
2022-09-10T02:37:05+00:00,2170,,20.21325,,,,
2022-09-10T02:37:23+00:00,2171,,20.32868,,,,
2022-09-10T02:37:41+00:00,2172,,20.18581,,,,
2022-09-10T02:37:59+00:00,2173,,20.74738,,,,
2022-09-10T02:38:18+00:00,2174,,20.25977,,,,
2022-09-10T02:38:36+00:00,2175,,20.13779,,,,
2022-09-10T02:38:55+00:00,2176,,20.19896,,,,
2022-09-10T02:39:14+00:00,2177,,20.53816,,,,
2022-09-10T02:39:33+00:00,2178,,20.50132,,,,
2022-09-10T02:39:52+00:00,2179,,20.38937,,,,
2022-09-10T02:40:10+00:00,2180,,20.45433,,,,
2022-09-10T02:40:28+00:00,2181,,20.54632,,,,
2022-09-10T02:40:47+00:00,2182,,20.20414,,,,
2022-09-10T02:41:06+00:00,2183,,20.35300,,,,
2022-09-10T02:41:24+00:00,2184,,20.23399,,,,
2022-09-10T02:41:42+00:00,2185,,20.35535,,,,
2022-09-10T02:42:01+00:00,2186,,20.17094,,,,
2022-09-10T02:42:19+00:00,2187,,20.53356,,,,
2022-09-10T02:42:37+00:00,2188,,20.20461,,,,
2022-09-10T02:42:55+00:00,2189,,20.19358,,,,
2022-09-10T02:43:14+00:00,2190,,20.20700,,,,
2022-09-10T02:43:32+00:00,2191,,20.17200,,,,
2022-09-10T02:43:50+00:00,2192,,20.29732,,,,
2022-09-10T02:44:09+00:00,2193,,20.21326,,,,
2022-09-10T02:44:28+00:00,2194,,20.38644,,,,
2022-09-10T02:44:44+00:00,2195,,20.23526,,,,
2022-09-10T02:45:03+00:00,2196,,20.14087,,,,
2022-09-10T02:45:21+00:00,2197,,20.14269,,,,
2022-09-10T02:45:39+00:00,2198,,20.19402,,,,
2022-09-10T02:45:57+00:00,2199,,20.11161,,,,
2022-09-10T02:46:16+00:00,2200,,20.44835,,,,
2022-09-10T02:46:34+00:00,2201,,20.20077,,,,
2022-09-10T02:46:53+00:00,2202,,20.15520,,,,
2022-09-10T02:47:11+00:00,2203,,20.16811,,,,
2022-09-10T02:47:29+00:00,2204,,20.18510,,,,
2022-09-10T02:47:48+00:00,2205,,20.13717,,,,
2022-09-10T02:48:06+00:00,2206,,20.23343,,,,
2022-09-10T02:48:24+00:00,2207,,20.16113,,,,
2022-09-10T02:48:43+00:00,2208,,20.05864,,,,
2022-09-10T02:49:01+00:00,2209,,20.30858,,,,
2022-09-10T02:49:19+00:00,2210,,20.16401,,,,
2022-09-10T02:49:39+00:00,2211,,20.31603,,,,
2022-09-10T02:49:58+00:00,2212,,20.10741,,,,
2022-09-10T02:50:16+00:00,2213,,20.17099,,,,
2022-09-10T02:50:35+00:00,2214,,20.14583,,,,
2022-09-10T02:50:54+00:00,2215,,20.16438,,,,
2022-09-10T02:51:13+00:00,2216,,20.19724,,,,
2022-09-10T02:51:29+00:00,2217,,20.55794,,,,
2022-09-10T02:51:47+00:00,2218,,20.63217,,,,
2022-09-10T02:52:05+00:00,2219,,20.39977,,,,
2022-09-10T02:52:22+00:00,2220,,20.38351,,,,
2022-09-10T02:52:38+00:00,2221,,20.40186,,,,
2022-09-10T02:52:56+00:00,2222,,20.51971,,,,
2022-09-10T02:53:13+00:00,2223,,20.32002,,,,
2022-09-10T02:53:31+00:00,2224,,20.64292,,,,
2022-09-10T02:53:49+00:00,2225,,20.38485,,,,
2022-09-10T02:54:08+00:00,2226,,21.81094,,,,
2022-09-10T02:54:27+00:00,2227,,21.47268,,,,
2022-09-10T03:00:24+00:00,2228,,21.81744,,,,
2022-09-10T03:00:42+00:00,2229,,21.81760,,,,
2022-09-10T03:01:00+00:00,2230,,21.81780,,,,
2022-09-10T03:01:19+00:00,2231,,21.81560,,,,
2022-09-10T03:01:38+00:00,2232,,21.81788,,,,
2022-09-10T03:01:56+00:00,2233,,21.81635,,,,
2022-09-10T03:02:14+00:00,2234,,21.81735,,,,
